transaction_id,customer_id,transaction_date,transaction_amount,transaction_type,channel,merchant_category,merchant_name,customer_segment,fraud_flag,fraud_type,risk_score,fraud_rule_score,ml_anomaly_score_norm,final_risk_score,final_alert_tier,rules_triggered,alert_tier,chargeback_flag,refund_flag,reversal_flag,net_pnl_impact,fraud_loss,chargeback_loss
TXN-00015594,CUST-006160,2023-05-22,402545.48,Transfer,USSD,Crypto Exchanges,Bybit,Corporate,1,Phishing,100,53.9,99.31,83.66,VERY HIGH,10,Orange,1,0,0,-824413.48,402545.48,422672.75
TXN-00022805,CUST-005746,2024-08-01,424588.36,Purchase,USSD,Travel & Airlines,United Airlines,Private Banking,1,Mule Account,98,48.94,99.59,81.31,VERY HIGH,9,Orange,1,1,0,-502288.17,0.0,445817.78
TXN-00015599,CUST-006256,2024-12-01,33663.24,Fee Charge,Branch,Crypto Exchanges,OKX,Premium,1,Card Not Present Fraud,100,48.23,96.72,80.9,VERY HIGH,9,Orange,1,0,0,-69077.45,33663.24,35346.4
TXN-00028416,CUST-004630,2024-06-03,35099.88,Reversal,Mobile Banking,Gaming & Gambling,FanDuel,Premium,1,Synthetic Identity,100,48.23,95.95,80.67,VERY HIGH,9,Orange,1,0,1,-36925.43,0.0,36854.87
TXN-00029849,CUST-005288,2024-03-31,5381.72,Payment,API/Open Banking,Crypto Exchanges,Binance,Retail,1,SIM Swap,100,48.94,94.51,80.48,VERY HIGH,9,Orange,1,0,0,-5656.44,0.0,5650.81
TXN-00025302,CUST-001831,2023-12-27,28281.16,Reversal,Internet Banking,Travel & Airlines,United Airlines,NRI / Diaspora,1,First Party Fraud,100,47.52,95.94,80.41,VERY HIGH,9,Orange,1,0,1,-29751.9,0.0,29695.22
TXN-00046714,CUST-002409,2023-04-26,31809.62,Purchase,POS Terminal,Luxury Goods,Gucci,NRI / Diaspora,1,Authorised Push Payment,97,49.65,96.53,80.29,VERY HIGH,9,Orange,1,0,0,-32859.7,0.0,33400.1
TXN-00025713,CUST-003949,2024-04-11,19303.74,Purchase,Mobile Banking,Luxury Goods,Hermès,Retail,1,Authorised Push Payment,98,48.23,96.23,80.05,VERY HIGH,9,Orange,1,0,0,-19940.88,0.0,20268.93
TXN-00039320,CUST-001009,2024-11-19,5586.86,Refund,USSD,Auto & Transportation,Hertz,Retail,1,SIM Swap,100,46.81,94.93,79.86,VERY HIGH,9,Orange,1,1,0,-12302.54,5586.86,5866.2
TXN-00049641,CUST-005789,2024-09-14,48291.19,Chargeback,POS Terminal,Retail / General Merchandise,Best Buy,NRI / Diaspora,1,First Party Fraud,100,43.97,98.07,79.81,VERY HIGH,8,Orange,1,1,0,-106337.32,48291.19,50705.75
TXN-00030944,CUST-006135,2023-05-06,12150.38,Refund,Internet Banking,Travel & Airlines,British Airways,Retail,1,Card Not Present Fraud,100,44.68,96.54,79.6,VERY HIGH,8,Orange,1,1,0,-26755.62,12150.38,12757.9
TXN-00033202,CUST-007344,2023-02-03,33415.41,Payment,ATM,Financial Services / Money Transfer,Remitly,Premium,1,Mule Account,100,44.68,96.19,79.5,VERY HIGH,8,Orange,1,0,0,-68535.26,33415.41,35086.18
TXN-00049183,CUST-000316,2024-10-13,288205.43,Refund,ATM,Grocery & Supermarkets,Tesco,Private Banking,1,Synthetic Identity,100,42.55,98.54,79.45,VERY HIGH,8,Orange,1,1,0,-346423.26,0.0,302615.7
TXN-00032537,CUST-003512,2023-04-21,3799.6,Reversal,API/Open Banking,Financial Services / Money Transfer,Western Union,Retail,1,Account Takeover,100,46.1,94.28,79.42,VERY HIGH,9,Orange,1,0,1,-3997.65,0.0,3989.58
TXN-00021004,CUST-003548,2023-05-19,24716.61,Purchase,Mobile Banking,Gaming & Gambling,Bet365,Premium,1,First Party Fraud,100,44.68,95.57,79.31,VERY HIGH,8,Orange,1,0,0,-25532.69,0.0,25952.44
TXN-00044286,CUST-006181,2024-10-29,23167.46,Withdrawal,Mobile Banking,Gaming & Gambling,Steam,Premium,1,Account Takeover,100,44.68,95.46,79.28,VERY HIGH,8,Orange,1,0,0,-47516.93,23167.46,24325.83
TXN-00019116,CUST-001651,2023-07-18,6436.7,Purchase,Branch,Financial Services / Money Transfer,PayPal,Retail,1,Friendly Fraud,100,45.39,94.61,79.27,VERY HIGH,8,Orange,1,0,0,-13086.09,6436.7,6758.53
TXN-00007805,CUST-002754,2024-12-07,4714.61,Purchase,Mobile Banking,Crypto Exchanges,Coinbase,Retail,1,Friendly Fraud,100,44.68,95.4,79.26,VERY HIGH,8,Orange,1,0,0,-9584.96,4714.61,4950.34
TXN-00035131,CUST-004049,2023-06-10,175285.06,Fee Charge,Branch,Financial Services / Money Transfer,Wise,Corporate,1,Mule Account,100,41.84,98.1,79.07,VERY HIGH,8,Orange,1,0,0,-359685.29,175285.06,184049.31
TXN-00001546,CUST-007136,2023-09-28,102934.62,Purchase,ATM,Financial Services / Money Transfer,Wise,SME,1,Identity Theft,97,43.97,98.78,78.97,VERY HIGH,8,Orange,1,0,0,-209266.22,102934.62,108081.35
TXN-00044249,CUST-003020,2023-11-09,63693.95,Deposit,POS Terminal,Crypto Exchanges,OKX,SME,1,Card Not Present Fraud,100,41.84,97.08,78.77,VERY HIGH,8,Orange,1,0,0,-67006.33,0.0,66878.65
TXN-00001724,CUST-005102,2023-03-10,115321.88,Withdrawal,Mobile Banking,Financial Services / Money Transfer,Remitly,Premium,1,Friendly Fraud,97,43.97,97.95,78.72,VERY HIGH,8,Orange,1,0,0,-236525.5,115321.88,121087.97
TXN-00030387,CUST-007146,2024-10-24,72673.41,Payment,Call Centre,Fuel & Petroleum,Chevron,SME,1,Synthetic Identity,100,41.13,97.39,78.61,VERY HIGH,8,Orange,1,0,0,-149053.39,72673.41,76307.08
TXN-00006072,CUST-000564,2024-09-29,11577.78,Purchase,USSD,Retail / General Merchandise,Costco,Retail,1,Synthetic Identity,98,43.26,97.01,78.54,VERY HIGH,8,Orange,1,1,0,-25274.74,11577.78,12156.67
TXN-00025288,CUST-001085,2024-02-12,1573.94,Interest Credit,Mobile Banking,Travel & Airlines,British Airways,Student,1,Mule Account,100,42.55,95.14,78.43,VERY HIGH,8,Orange,1,0,0,-3230.08,1573.94,1652.64
TXN-00030809,CUST-003495,2024-08-21,527551.6,Reversal,Branch,Government & Taxes,HMRC,Private Banking,1,Authorised Push Payment,100,39.01,98.91,78.33,VERY HIGH,7,Yellow,1,1,1,-634117.48,0.0,553929.18
TXN-00045774,CUST-002334,2024-02-28,125164.86,Purchase,Mobile Banking,Luxury Goods,Rolex,Private Banking,1,Mule Account,100,38.3,99.4,78.22,VERY HIGH,7,Yellow,1,0,0,-254460.46,125164.86,131423.1
TXN-00016350,CUST-007870,2024-03-27,7216.16,Purchase,ATM,Grocery & Supermarkets,Whole Foods,Retail,1,First Party Fraud,100,41.84,95.08,78.17,VERY HIGH,8,Orange,1,0,0,-14670.84,7216.16,7576.97
TXN-00039167,CUST-005623,2023-02-18,814150.87,Deposit,Internet Banking,Financial Services / Money Transfer,MoneyGram,Corporate,1,Synthetic Identity,99,40.43,97.56,78.07,VERY HIGH,7,Orange,1,0,0,-856487.12,0.0,854858.41
TXN-00029630,CUST-002410,2024-08-30,27560.51,Fee Charge,Mobile Banking,Financial Services / Money Transfer,Western Union,Premium,1,Card Not Present Fraud,97,43.97,95.7,78.05,VERY HIGH,8,Orange,1,0,0,-56554.28,27560.51,28938.54
TXN-00028022,CUST-006044,2024-06-10,3739.15,Payment,USSD,Financial Services / Money Transfer,Wise,Retail,1,SIM Swap,100,42.55,93.69,78.0,VERY HIGH,8,Orange,1,0,0,-3930.3,0.0,3926.11
TXN-00028429,CUST-006391,2023-02-17,9761.17,Deposit,USSD,Retail / General Merchandise,Amazon,Retail,1,Phishing,100,41.13,95.34,78.0,VERY HIGH,8,Orange,1,0,0,-10269.04,0.0,10249.23
TXN-00023994,CUST-007495,2024-02-26,123211.21,Transfer,Internet Banking,Luxury Goods,Rolex,Corporate,1,Card Not Present Fraud,97,41.13,98.81,77.99,VERY HIGH,8,Orange,1,1,0,-270818.44,123211.21,129371.77
TXN-00006082,CUST-005150,2024-06-13,2248.04,Refund,ATM,Financial Services / Money Transfer,Remitly,Retail,1,Authorised Push Payment,100,41.13,94.1,77.63,VERY HIGH,8,Orange,1,1,0,-2702.43,0.0,2360.44
TXN-00003205,CUST-006581,2023-01-08,448599.58,Transfer,USSD,Government & Taxes,IRS Payment,Corporate,1,SIM Swap,100,37.59,98.0,77.56,VERY HIGH,7,Yellow,1,0,0,-470132.49,0.0,471029.56
TXN-00049807,CUST-007194,2023-12-28,4543.35,Purchase,Mobile Banking,Financial Services / Money Transfer,Remitly,Retail,1,Friendly Fraud,100,40.43,94.64,77.54,VERY HIGH,7,Orange,1,0,0,-9237.08,4543.35,4770.52
TXN-00020946,CUST-005119,2024-02-18,74236.6,Payment,Internet Banking,Travel & Airlines,Emirates,SME,1,Mule Account,100,39.01,96.08,77.48,VERY HIGH,7,Yellow,1,0,0,-78023.11,0.0,77948.43
TXN-00041787,CUST-003265,2023-05-02,107766.53,Card Not Present,POS Terminal,Retail / General Merchandise,Target,SME,1,Friendly Fraud,100,36.88,98.45,77.44,VERY HIGH,7,Yellow,1,0,0,-220921.64,107766.53,113154.86
TXN-00044646,CUST-006306,2023-09-24,5404.17,Transfer,ATM,Education,Udemy,Retail,1,Authorised Push Payment,100,39.01,95.44,77.29,VERY HIGH,7,Yellow,1,1,0,-11878.59,5404.17,5674.38
TXN-00048890,CUST-006647,2024-01-10,848226.9,Transfer,Mobile Banking,Auto & Transportation,AutoZone,Corporate,1,Account Takeover,100,36.17,98.74,77.28,VERY HIGH,7,Yellow,0,0,1,-846530.8,848226.9,0.0
TXN-00029349,CUST-002642,2023-05-15,10506.54,Purchase,Mobile Banking,Gaming & Gambling,DraftKings,Retail,1,Synthetic Identity,100,40.43,93.63,77.24,VERY HIGH,7,Orange,1,0,0,-10853.62,0.0,11031.87
TXN-00042805,CUST-006341,2024-06-15,6784.78,Refund,Mobile Banking,Electronics & Technology,Flipkart,Retail,1,Friendly Fraud,100,39.01,95.05,77.17,VERY HIGH,7,Yellow,1,1,0,-14940.46,6784.78,7124.02
TXN-00021542,CUST-005840,2024-07-30,27334.57,Purchase,API/Open Banking,Retail / General Merchandise,Amazon,Premium,1,First Party Fraud,100,37.59,96.61,77.14,VERY HIGH,7,Yellow,1,0,0,-28236.9,0.0,28701.3
TXN-00004948,CUST-000156,2024-07-02,7042.44,Chargeback,ATM,Travel & Airlines,Emirates,Retail,1,Synthetic Identity,100,39.01,94.57,77.02,VERY HIGH,7,Yellow,1,0,1,-7408.97,0.0,7394.56
TXN-00007775,CUST-001925,2024-12-07,13788.41,Card Not Present,USSD,Financial Services / Money Transfer,Wise,SME,1,Authorised Push Payment,100,39.72,93.62,76.99,VERY HIGH,8,Yellow,0,0,1,-0.21,0.0,0.0
TXN-00003675,CUST-002644,2023-04-14,25303.03,Chargeback,Mobile Banking,Travel & Airlines,British Airways,Premium,1,First Party Fraud,100,39.01,94.31,76.95,VERY HIGH,7,Yellow,1,0,0,-26618.93,0.0,26568.18
TXN-00044426,CUST-004480,2023-06-27,33866.28,Purchase,Call Centre,Restaurants & Food Delivery,Starbucks,Premium,1,SIM Swap,100,37.59,95.99,76.95,VERY HIGH,7,Yellow,1,0,0,-34984.11,0.0,35559.59
TXN-00017933,CUST-000777,2024-02-18,7348.67,Refund,ATM,Retail / General Merchandise,Costco,Retail,1,Mule Account,100,39.01,94.3,76.94,VERY HIGH,7,Yellow,1,1,0,-8833.37,0.0,7716.1
TXN-00044141,CUST-006313,2024-10-24,164976.02,Purchase,Mobile Banking,Utilities & Telecom,Jio,Private Banking,1,Authorised Push Payment,98,36.88,99.08,76.93,VERY HIGH,7,Yellow,1,0,0,-337458.66,164976.02,173224.82
TXN-00009653,CUST-007261,2024-05-18,4554.08,Refund,Internet Banking,Hotels & Accommodation,IHG,Retail,1,Mule Account,100,39.01,94.25,76.93,VERY HIGH,7,Yellow,1,1,0,-5474.36,0.0,4781.78
TXN-00003749,CUST-002145,2024-08-26,22910.65,Fee Charge,USSD,Online Marketplaces,Alibaba,Premium,1,Phishing,97,41.13,95.24,76.92,VERY HIGH,8,Orange,1,0,0,-24102.42,0.0,24056.18
TXN-00029362,CUST-003976,2024-10-29,2082.52,Transfer,ATM,Travel & Airlines,United Airlines,Student,1,Friendly Fraud,100,39.01,94.2,76.91,VERY HIGH,7,Yellow,1,0,0,-2182.64,0.0,2186.65
TXN-00034467,CUST-007332,2024-06-26,368776.09,Payment,POS Terminal,Luxury Goods,Louis Vuitton,Corporate,1,Friendly Fraud,97,38.3,98.45,76.89,VERY HIGH,7,Yellow,1,0,0,-756359.89,368776.09,387214.89
TXN-00039505,CUST-002910,2024-09-04,4244.71,Purchase,ATM,Gaming & Gambling,Bet365,Retail,1,Identity Theft,100,38.3,94.79,76.84,VERY HIGH,7,Yellow,1,0,1,-8629.78,4244.71,4456.95
TXN-00012371,CUST-000757,2024-08-13,54322.95,Transfer,Internet Banking,Real Estate,Zillow Rental,Premium,1,Friendly Fraud,100,36.88,96.45,76.84,VERY HIGH,7,Yellow,1,0,0,-56930.62,0.0,57039.1
TXN-00046433,CUST-002467,2024-07-08,5533.23,Purchase,USSD,Grocery & Supermarkets,ALDI,Retail,1,Account Takeover,100,38.3,94.4,76.72,VERY HIGH,7,Yellow,1,0,0,-11249.32,5533.23,5809.89
TXN-00014271,CUST-001341,2023-10-23,4182.45,Purchase,Internet Banking,Financial Services / Money Transfer,PayPal,Retail,1,Synthetic Identity,100,38.3,94.31,76.7,VERY HIGH,7,Yellow,1,0,0,-8503.34,4182.45,4391.57
TXN-00023039,CUST-007436,2023-02-13,764521.67,Purchase,Internet Banking,Healthcare & Pharmacy,Boots,Corporate,1,Phishing,100,33.33,100.0,76.67,VERY HIGH,6,Yellow,1,0,0,-1554273.02,764521.67,802747.75
TXN-00004232,CUST-004406,2023-11-19,748971.13,Purchase,Internet Banking,Retail / General Merchandise,Target,Private Banking,1,Account Takeover,100,34.04,99.1,76.64,VERY HIGH,6,Yellow,1,0,0,-773687.36,0.0,786419.69
TXN-00025870,CUST-004065,2023-05-03,519448.0,Payment,API/Open Banking,Healthcare & Pharmacy,Boots,Corporate,1,Card Not Present Fraud,100,36.17,96.59,76.64,VERY HIGH,7,Yellow,1,0,0,-545940.2,0.0,545420.4
TXN-00001591,CUST-003682,2024-11-02,12673.22,Payment,Internet Banking,Travel & Airlines,British Airways,Retail,1,Account Takeover,99,39.01,94.39,76.62,VERY HIGH,7,Yellow,1,0,0,-13319.85,0.0,13306.88
TXN-00001881,CUST-002026,2024-05-26,7847.62,Payment,USSD,Grocery & Supermarkets,Tesco,Retail,1,Card Not Present Fraud,100,37.59,94.74,76.58,VERY HIGH,7,Yellow,1,0,0,-8248.2,0.0,8240.0
TXN-00030717,CUST-002903,2024-04-16,10159.42,Purchase,Internet Banking,Restaurants & Food Delivery,DoorDash,Retail,1,Friendly Fraud,100,38.3,93.81,76.55,VERY HIGH,7,Yellow,0,0,0,172.42,0.0,0.0
TXN-00014662,CUST-000700,2024-03-29,8635.28,Deposit,POS Terminal,Crypto Exchanges,Binance,Premium,1,Account Takeover,100,36.88,95.31,76.5,VERY HIGH,7,Yellow,1,1,0,-10379.85,0.0,9067.04
TXN-00017324,CUST-001469,2024-11-09,966334.41,Transfer,Mobile Banking,Grocery & Supermarkets,ALDI,Corporate,1,Friendly Fraud,100,33.33,99.35,76.47,VERY HIGH,6,Yellow,1,0,0,-1979053.37,966334.41,1014651.13
TXN-00013178,CUST-006754,2023-11-13,5240.84,Purchase,ATM,Restaurants & Food Delivery,Starbucks,Retail,1,Phishing,100,36.88,95.09,76.44,VERY HIGH,7,Yellow,1,0,0,-10655.12,5240.84,5502.88
TXN-00011376,CUST-006358,2023-10-17,10384.27,Purchase,Call Centre,Financial Services / Money Transfer,PayPal,Premium,1,Authorised Push Payment,100,36.88,95.05,76.42,VERY HIGH,7,Yellow,1,0,0,-21111.71,10384.27,10903.48
TXN-00045835,CUST-003225,2023-05-12,5817.65,Withdrawal,Internet Banking,Healthcare & Pharmacy,Apollo Pharmacy,Retail,1,Identity Theft,100,38.3,93.4,76.42,VERY HIGH,7,Yellow,1,0,0,-6114.6,0.0,6108.53
TXN-00016577,CUST-002916,2024-12-10,653789.78,Transfer,ATM,Online Marketplaces,Flipkart,Private Banking,1,Identity Theft,100,33.33,99.05,76.38,VERY HIGH,6,Yellow,1,0,0,-1338961.85,653789.78,686479.27
TXN-00038555,CUST-000672,2023-03-29,623978.21,Fee Charge,Mobile Banking,Utilities & Telecom,Comcast,Corporate,1,Synthetic Identity,100,33.33,98.82,76.31,VERY HIGH,6,Yellow,1,0,0,-1280403.77,623978.21,655177.12
TXN-00030655,CUST-006900,2024-10-13,9470.61,Payment,Call Centre,Entertainment & Streaming,Netflix,Retail,1,Phishing,99,37.59,95.0,76.31,VERY HIGH,7,Yellow,1,0,0,-19424.51,9470.61,9944.14
TXN-00024587,CUST-004820,2024-10-21,5666.2,Purchase,Mobile Banking,Financial Services / Money Transfer,Wise,Retail,1,Mule Account,97,40.43,93.99,76.3,VERY HIGH,7,Orange,1,0,0,-11519.48,5666.2,5949.51
TXN-00035752,CUST-002081,2023-07-31,14015.69,Purchase,Mobile Banking,Retail / General Merchandise,Costco,Retail,1,Mule Account,99,36.88,95.53,76.22,VERY HIGH,7,Yellow,1,0,0,-28494.25,14015.69,14716.47
TXN-00020231,CUST-002409,2023-12-05,8996.03,Fee Charge,ATM,Financial Services / Money Transfer,PayPal,NRI / Diaspora,1,Identity Theft,100,36.88,94.34,76.21,VERY HIGH,7,Yellow,1,0,0,-18460.21,8996.03,9445.83
TXN-00017392,CUST-003045,2023-12-19,66662.98,Purchase,Branch,Hotels & Accommodation,IHG,SME,1,SIM Swap,100,33.33,98.43,76.19,VERY HIGH,6,Yellow,1,0,0,-135526.2,66662.98,69996.13
TXN-00010133,CUST-001831,2024-04-20,59413.36,Purchase,API/Open Banking,Financial Services / Money Transfer,Remitly,NRI / Diaspora,1,Mule Account,89,47.52,94.58,76.16,VERY HIGH,9,Orange,0,0,0,1009.64,0.0,0.0
TXN-00010391,CUST-003802,2024-09-04,2555.61,Purchase,Internet Banking,Utilities & Telecom,Jio,Student,1,Mule Account,100,36.88,94.18,76.16,VERY HIGH,7,Yellow,1,0,0,-5227.99,2555.61,2683.39
TXN-00030527,CUST-005869,2023-12-22,129609.9,Transfer,Mobile Banking,Entertainment & Streaming,Disney+,SME,1,First Party Fraud,100,33.33,98.26,76.14,VERY HIGH,6,Yellow,1,0,0,-265441.17,129609.9,136090.39
TXN-00005364,CUST-005824,2023-03-09,116969.11,Purchase,Internet Banking,Retail / General Merchandise,Amazon,SME,1,Authorised Push Payment,100,33.33,98.05,76.08,VERY HIGH,6,Yellow,1,0,0,-120829.58,0.0,122817.57
TXN-00022055,CUST-006715,2024-10-08,585236.88,Payment,POS Terminal,Healthcare & Pharmacy,CVS Health,Corporate,1,Friendly Fraud,100,33.33,98.04,76.08,VERY HIGH,6,Yellow,1,0,0,-615084.36,0.0,614498.72
TXN-00041895,CUST-006767,2023-04-14,10731.36,Refund,POS Terminal,Retail / General Merchandise,Target,NRI / Diaspora,1,Authorised Push Payment,100,34.75,96.25,76.04,VERY HIGH,7,Yellow,1,1,0,-23630.82,10731.36,11267.93
TXN-00045379,CUST-002512,2023-02-03,777887.27,Withdrawal,Mobile Banking,Grocery & Supermarkets,Kroger,Corporate,1,Card Not Present Fraud,100,33.33,97.93,76.04,VERY HIGH,6,Yellow,1,0,0,-817560.02,0.0,816781.63
TXN-00013706,CUST-001137,2023-05-29,190743.97,Transfer,USSD,Restaurants & Food Delivery,Uber Eats,Corporate,1,Card Not Present Fraud,99,34.75,97.39,76.03,VERY HIGH,7,Yellow,1,0,0,-199899.92,0.0,200281.17
TXN-00005395,CUST-007682,2023-02-12,23182.48,Deposit,Internet Banking,Fuel & Petroleum,Shell,Premium,1,Phishing,96,41.84,92.54,76.01,VERY HIGH,8,Orange,0,0,0,-46.84,0.0,0.0
TXN-00019162,CUST-007553,2023-02-18,50371.1,Purchase,Branch,Crypto Exchanges,OKX,Private Banking,1,Authorised Push Payment,100,33.33,97.76,75.99,VERY HIGH,6,Yellow,1,1,0,-109960.44,50371.1,52889.65
TXN-00029134,CUST-006519,2024-08-08,17935.01,Purchase,Internet Banking,Retail / General Merchandise,Target,NRI / Diaspora,1,Identity Theft,100,35.46,95.15,75.96,VERY HIGH,7,Yellow,1,0,0,-18527.26,0.0,18831.76
TXN-00033684,CUST-007845,2023-11-25,818635.58,Reversal,Branch,Financial Services / Money Transfer,Western Union,Corporate,1,Identity Theft,96,38.3,96.47,75.95,VERY HIGH,7,Yellow,0,0,1,-1637.75,0.0,0.0
TXN-00020230,CUST-005707,2023-08-23,656169.69,Deposit,Internet Banking,Fuel & Petroleum,TotalEnergies,Corporate,1,Mule Account,100,32.62,98.42,75.94,VERY HIGH,6,Yellow,1,0,0,-1346460.32,656169.69,688978.17
TXN-00011468,CUST-002973,2023-03-04,111738.55,Interest Credit,Branch,Healthcare & Pharmacy,Boots,SME,1,Phishing,100,33.33,97.42,75.89,VERY HIGH,6,Yellow,1,0,0,-117549.14,0.0,117325.48
TXN-00043215,CUST-006806,2023-09-07,119945.57,Deposit,ATM,Online Marketplaces,Etsy,SME,1,Friendly Fraud,100,33.33,97.37,75.88,VERY HIGH,6,Yellow,1,0,0,-126183.12,0.0,125942.85
TXN-00020602,CUST-002197,2023-12-10,40504.08,Deposit,Mobile Banking,Restaurants & Food Delivery,Starbucks,Premium,1,Phishing,100,33.33,97.11,75.8,VERY HIGH,6,Yellow,1,0,0,-83114.75,40504.08,42529.28
TXN-00044600,CUST-005856,2024-01-16,136477.53,Transfer,Mobile Banking,Restaurants & Food Delivery,Starbucks,SME,1,Synthetic Identity,100,33.33,97.07,75.79,VERY HIGH,6,Yellow,1,0,0,-143028.62,0.0,143301.41
TXN-00036832,CUST-002197,2024-12-04,24970.43,Card Not Present,Mobile Banking,Utilities & Telecom,Jio,Premium,1,Mule Account,100,34.04,96.21,75.78,VERY HIGH,6,Yellow,1,0,0,-51189.5,24970.43,26218.95
TXN-00021692,CUST-003416,2024-04-21,75902.47,Interest Credit,ATM,Hotels & Accommodation,Airbnb,Premium,1,Account Takeover,100,33.33,97.03,75.77,VERY HIGH,6,Yellow,1,0,0,-79849.73,0.0,79697.59
TXN-00015945,CUST-007124,2023-04-19,318767.71,Wire Transfer,Call Centre,Fuel & Petroleum,TotalEnergies,Corporate,1,Mule Account,100,31.21,99.49,75.77,VERY HIGH,6,Yellow,1,0,0,-651880.13,318767.71,334706.1
TXN-00041021,CUST-001309,2024-11-08,2450.99,Purchase,USSD,Gaming & Gambling,DraftKings,Retail,1,Friendly Fraud,100,36.17,93.51,75.71,VERY HIGH,7,Yellow,1,0,0,-4983.15,2450.99,2573.54
TXN-00008781,CUST-001061,2023-05-30,296743.07,Refund,API/Open Banking,Financial Services / Money Transfer,PayPal,Corporate,1,Synthetic Identity,95,36.88,98.36,75.67,VERY HIGH,7,Yellow,0,1,0,-341848.51,296743.07,0.0
TXN-00024137,CUST-000560,2024-08-12,35878.52,Purchase,POS Terminal,Fuel & Petroleum,Shell,Premium,1,Mule Account,95,38.3,96.68,75.66,VERY HIGH,7,Yellow,0,0,0,-35268.7,35878.52,0.0
TXN-00008848,CUST-003240,2024-04-07,31410.85,Purchase,ATM,Utilities & Telecom,Vodafone,Premium,1,Account Takeover,100,33.33,96.41,75.59,VERY HIGH,6,Yellow,1,0,0,-64251.3,31410.85,32981.39
TXN-00007572,CUST-004049,2023-04-22,220508.77,Fee Charge,Internet Banking,Travel & Airlines,United Airlines,Corporate,1,SIM Swap,99,32.62,98.4,75.59,VERY HIGH,6,Yellow,1,0,0,-452484.2,220508.77,231534.21
TXN-00048507,CUST-006545,2023-04-11,28207.8,Deposit,Mobile Banking,Retail / General Merchandise,Walmart,Premium,1,Mule Account,100,33.33,96.41,75.59,VERY HIGH,6,Yellow,1,0,0,-57882.61,28207.8,29618.19
TXN-00007293,CUST-003064,2023-11-21,11682.78,Transfer,API/Open Banking,Financial Services / Money Transfer,Wise,Premium,1,Authorised Push Payment,100,36.17,93.09,75.59,VERY HIGH,7,Yellow,1,0,0,-12243.71,0.0,12266.92
TXN-00000543,CUST-004787,2023-06-19,436064.3,Refund,Internet Banking,Real Estate,Century 21,Corporate,1,Identity Theft,93,38.3,98.65,75.55,VERY HIGH,7,Yellow,1,1,0,-524149.49,0.0,457867.52
TXN-00005335,CUST-007190,2023-03-12,13513.81,Interest Credit,Internet Banking,Financial Services / Money Transfer,Wise,Premium,1,Friendly Fraud,97,36.88,95.27,75.44,VERY HIGH,7,Yellow,1,1,0,-29757.76,13513.81,14189.5
TXN-00010017,CUST-007267,2024-03-16,2701.8,Refund,Mobile Banking,Utilities & Telecom,Vodafone,Retail,1,Authorised Push Payment,100,34.75,94.22,75.43,VERY HIGH,7,Yellow,1,1,0,-3247.97,0.0,2836.89
TXN-00041031,CUST-006473,2023-03-18,40100.04,Fee Charge,Internet Banking,Financial Services / Money Transfer,Remitly,Premium,1,First Party Fraud,97,39.01,92.77,75.43,VERY HIGH,7,Yellow,0,0,0,-80.3,0.0,0.0
TXN-00039625,CUST-002704,2023-04-14,1318.31,Purchase,ATM,Financial Services / Money Transfer,Remitly,Retail,1,Account Takeover,100,36.17,92.46,75.4,VERY HIGH,7,Yellow,1,0,0,-1362.18,0.0,1384.23
TXN-00045767,CUST-000126,2024-11-15,3208.67,Refund,Branch,Insurance,Allstate,Retail,1,Friendly Fraud,98,36.17,94.58,75.33,VERY HIGH,7,Yellow,1,1,0,-7065.9,3208.67,3369.1
TXN-00041918,CUST-001123,2023-03-21,467363.81,Withdrawal,Internet Banking,Utilities & Telecom,AT&T,Corporate,1,Mule Account,98,33.33,97.8,75.31,VERY HIGH,6,Yellow,1,0,0,-491199.5,0.0,490732.0
TXN-00008516,CUST-002370,2023-03-12,43118.47,Deposit,ATM,Financial Services / Money Transfer,Wise,SME,1,Friendly Fraud,100,31.91,97.13,75.31,VERY HIGH,6,Yellow,1,0,0,-88479.4,43118.47,45274.39
TXN-00016820,CUST-003863,2024-11-05,8856.65,Withdrawal,Branch,Fuel & Petroleum,TotalEnergies,Retail,1,Account Takeover,100,33.33,95.46,75.3,VERY HIGH,6,Yellow,1,0,0,-18165.27,8856.65,9299.48
TXN-00048924,CUST-004729,2023-07-31,84887.34,Deposit,ATM,Retail / General Merchandise,Amazon,SME,1,First Party Fraud,99,33.33,96.58,75.29,VERY HIGH,6,Yellow,1,0,0,-89301.89,0.0,89131.71
TXN-00010899,CUST-004133,2023-05-28,632563.96,Transfer,Internet Banking,Grocery & Supermarkets,Sainsbury's,Private Banking,1,Phishing,98,31.91,99.39,75.29,VERY HIGH,6,Yellow,1,0,0,-1295491.12,632563.96,664192.16
TXN-00047415,CUST-002518,2024-09-27,45927.49,Withdrawal,Mobile Banking,Electronics & Technology,Samsung,Premium,1,Synthetic Identity,100,33.33,95.35,75.27,VERY HIGH,6,Yellow,1,0,0,-48270.11,0.0,48223.86
TXN-00002826,CUST-001521,2024-01-17,9986.94,Purchase,ATM,Electronics & Technology,Flipkart,Retail,1,Card Not Present Fraud,100,33.33,95.32,75.26,VERY HIGH,6,Yellow,1,0,0,-20303.89,9986.94,10486.29
TXN-00022106,CUST-000639,2024-08-07,6918.25,Purchase,Internet Banking,Retail / General Merchandise,Target,Retail,1,Mule Account,97,36.88,94.63,75.25,VERY HIGH,7,Yellow,1,0,0,-14065.17,6918.25,7264.16
TXN-00019543,CUST-004146,2024-05-12,26405.76,Purchase,ATM,Online Marketplaces,Lazada,Premium,1,First Party Fraud,100,33.33,95.21,75.23,VERY HIGH,6,Yellow,1,0,0,-27277.5,0.0,27726.05
TXN-00026020,CUST-000081,2023-02-26,583116.96,Fee Charge,Internet Banking,Luxury Goods,Hermès,Corporate,1,Card Not Present Fraud,91,39.72,98.24,75.22,VERY HIGH,7,Yellow,0,0,0,-584283.3,583116.96,0.0
TXN-00005529,CUST-007784,2024-01-23,10727.36,Purchase,Branch,Restaurants & Food Delivery,DoorDash,Retail,1,Synthetic Identity,100,33.33,95.06,75.18,VERY HIGH,6,Yellow,1,0,0,-11081.54,0.0,11263.73
TXN-00020542,CUST-002528,2024-09-10,2222.95,Purchase,POS Terminal,Fuel & Petroleum,ExxonMobil,Student,1,Phishing,97,36.88,94.37,75.17,VERY HIGH,7,Yellow,1,0,0,-2296.66,0.0,2334.1
TXN-00013015,CUST-003733,2024-06-28,5586.22,Reversal,Mobile Banking,Financial Services / Money Transfer,Western Union,Retail,1,Account Takeover,100,34.75,93.35,75.17,VERY HIGH,6,Yellow,1,0,1,-11463.36,5586.22,5865.53
TXN-00048654,CUST-006465,2024-11-03,74771.7,Purchase,Branch,Retail / General Merchandise,Best Buy,SME,1,Mule Account,97,33.33,98.48,75.16,VERY HIGH,6,Yellow,1,0,0,-152011.06,74771.7,78510.29
TXN-00017450,CUST-004106,2023-11-28,95414.09,Refund,Mobile Banking,Utilities & Telecom,Vodafone,Private Banking,1,First Party Fraud,98,32.62,98.06,75.13,VERY HIGH,6,Yellow,1,1,0,-210101.93,95414.09,100184.79
TXN-00011218,CUST-003636,2023-10-29,48296.45,Purchase,Mobile Banking,Financial Services / Money Transfer,PayPal,Premium,1,First Party Fraud,96,36.88,95.31,75.1,VERY HIGH,7,Yellow,0,0,0,820.8,0.0,0.0
TXN-00015422,CUST-002680,2023-02-05,14753.29,Purchase,USSD,Luxury Goods,Gucci,Premium,1,Card Not Present Fraud,95,38.3,94.81,75.1,VERY HIGH,7,Yellow,1,0,0,-29993.89,14753.29,15490.95
TXN-00040177,CUST-003549,2023-04-17,3735.29,Purchase,POS Terminal,Financial Services / Money Transfer,PayPal,Retail,1,Phishing,100,34.04,93.91,75.09,VERY HIGH,6,Yellow,1,0,1,-3858.79,0.0,3922.05
TXN-00044235,CUST-002725,2024-04-19,15012.16,Fee Charge,Internet Banking,Restaurants & Food Delivery,Domino's,Retail,1,Identity Theft,100,33.33,94.7,75.08,VERY HIGH,6,Yellow,1,0,0,-15793.09,0.0,15762.77
TXN-00041661,CUST-007151,2023-07-08,111558.42,Transfer,Mobile Banking,Restaurants & Food Delivery,DoorDash,SME,1,Phishing,98,33.33,97.06,75.08,VERY HIGH,6,Yellow,1,0,0,-116913.46,0.0,117136.34
TXN-00025528,CUST-004449,2023-01-12,4994.63,Payment,Mobile Banking,Restaurants & Food Delivery,Uber Eats,Retail,1,Identity Theft,100,33.33,94.68,75.07,VERY HIGH,6,Yellow,1,0,0,-10244.14,4994.63,5244.36
TXN-00022018,CUST-005363,2023-10-20,31732.88,Transfer,Mobile Banking,Healthcare & Pharmacy,Walgreens,Premium,1,Identity Theft,100,33.33,94.64,75.06,VERY HIGH,6,Yellow,1,0,0,-33256.4,0.0,33319.52
TXN-00008697,CUST-000020,2023-08-02,6178.41,Purchase,Mobile Banking,Education,Udemy,Retail,1,Account Takeover,100,33.33,94.63,75.05,VERY HIGH,6,Yellow,1,0,0,-6382.75,0.0,6487.33
TXN-00047260,CUST-005381,2024-11-25,5325.64,Payment,API/Open Banking,Fuel & Petroleum,ExxonMobil,Retail,1,SIM Swap,97,37.59,93.1,75.04,VERY HIGH,7,Yellow,1,0,0,-5597.71,0.0,5591.92
TXN-00000843,CUST-004678,2024-01-17,1943.2,Refund,Internet Banking,Retail / General Merchandise,Walmart,Student,1,Friendly Fraud,100,33.33,94.57,75.04,VERY HIGH,6,Yellow,1,1,0,-2335.95,0.0,2040.36
TXN-00008814,CUST-006362,2023-12-25,31507.11,Payment,ATM,Healthcare & Pharmacy,Apollo Pharmacy,Premium,1,First Party Fraud,100,33.33,94.55,75.03,VERY HIGH,6,Yellow,1,0,0,-33114.13,0.0,33082.47
TXN-00048790,CUST-002733,2024-07-23,8904.48,Purchase,Internet Banking,Restaurants & Food Delivery,McDonald's,Retail,1,Mule Account,100,33.33,94.54,75.03,VERY HIGH,6,Yellow,1,0,0,-9198.62,0.0,9349.7
TXN-00001108,CUST-006135,2024-01-07,7471.43,Deposit,Internet Banking,Grocery & Supermarkets,ALDI,Retail,1,Synthetic Identity,100,33.33,94.48,75.01,VERY HIGH,6,Yellow,1,0,0,-15331.54,7471.43,7845.0
TXN-00029748,CUST-006113,2024-03-31,2120.1,Transfer,Mobile Banking,Retail / General Merchandise,Target,Student,1,First Party Fraud,100,33.33,94.41,74.99,VERY HIGH,6,Yellow,1,0,0,-4342.19,2120.1,2226.11
TXN-00016545,CUST-006018,2023-04-13,14386.31,Interest Credit,ATM,Financial Services / Money Transfer,Wise,Premium,1,Mule Account,100,34.04,93.51,74.97,VERY HIGH,6,Yellow,1,0,0,-15134.5,0.0,15105.63
TXN-00008963,CUST-007442,2023-12-07,9885.53,Fee Charge,Internet Banking,Real Estate,JLL,Retail,1,Friendly Fraud,100,33.33,94.26,74.94,VERY HIGH,6,Yellow,1,0,0,-20285.35,9885.53,10379.81
TXN-00045939,CUST-005809,2023-01-30,22212.81,Purchase,Mobile Banking,Real Estate,JLL,Premium,1,Mule Account,100,31.21,96.5,74.87,VERY HIGH,6,Yellow,1,0,0,-45159.03,22212.81,23323.45
TXN-00030359,CUST-007157,2024-09-14,23746.44,Transfer,ATM,Retail / General Merchandise,Costco,Premium,1,Card Not Present Fraud,99,33.33,95.14,74.86,VERY HIGH,6,Yellow,1,0,0,-24886.73,0.0,24933.76
TXN-00035272,CUST-001249,2024-07-11,1984.08,Card Not Present,Internet Banking,Fuel & Petroleum,TotalEnergies,Student,1,Friendly Fraud,100,33.33,93.94,74.85,VERY HIGH,6,Yellow,1,0,0,-2083.46,0.0,2083.28
TXN-00048290,CUST-005129,2024-10-06,7267.77,Transfer,Mobile Banking,Fuel & Petroleum,Shell,Retail,1,Synthetic Identity,100,33.33,93.95,74.85,VERY HIGH,6,Yellow,1,0,0,-14884.82,7267.77,7631.16
TXN-00040574,CUST-006303,2024-08-24,9048.59,Purchase,ATM,Travel & Airlines,Delta,Premium,1,Synthetic Identity,100,32.62,94.72,74.83,VERY HIGH,6,Yellow,1,0,0,-18396.21,9048.59,9501.02
TXN-00033293,CUST-007336,2024-05-24,6135.29,Fee Charge,ATM,Retail / General Merchandise,Target,Retail,1,Card Not Present Fraud,100,33.33,93.88,74.83,VERY HIGH,6,Yellow,1,0,0,-6454.8,0.0,6442.05
TXN-00041875,CUST-003019,2024-06-08,6859.55,Card Not Present,Internet Banking,Fuel & Petroleum,Chevron,Retail,1,First Party Fraud,100,33.33,93.84,74.82,VERY HIGH,6,Yellow,1,0,0,-7202.93,0.0,7202.53
TXN-00034560,CUST-004731,2024-02-11,3217.68,Card Not Present,POS Terminal,Travel & Airlines,Delta,Retail,1,SIM Swap,100,32.62,94.63,74.81,VERY HIGH,6,Yellow,1,0,0,-6596.53,3217.68,3378.56
TXN-00044854,CUST-001717,2023-11-06,3087.35,Deposit,Internet Banking,Financial Services / Money Transfer,Western Union,Retail,1,Identity Theft,100,34.04,92.88,74.78,VERY HIGH,6,Yellow,1,0,0,-6335.42,3087.35,3241.72
TXN-00032289,CUST-007468,2024-12-08,100218.72,Deposit,Internet Banking,Financial Services / Money Transfer,Western Union,Private Banking,1,Account Takeover,99,31.91,96.47,74.76,VERY HIGH,6,Yellow,1,0,0,-105430.23,0.0,105229.66
TXN-00016182,CUST-003274,2023-01-21,31649.76,Purchase,Mobile Banking,Restaurants & Food Delivery,Uber Eats,Premium,1,First Party Fraud,97,33.33,97.11,74.75,VERY HIGH,6,Yellow,1,0,0,-64344.31,31649.76,33232.25
TXN-00033265,CUST-007737,2023-09-27,2488.29,Withdrawal,Mobile Banking,Grocery & Supermarkets,ALDI,Student,1,Identity Theft,100,33.33,93.61,74.75,VERY HIGH,6,Yellow,1,0,0,-5103.9,2488.29,2612.7
TXN-00020129,CUST-006686,2024-10-18,11159.77,Transfer,Internet Banking,Online Marketplaces,eBay,Retail,1,Authorised Push Payment,100,33.33,93.55,74.73,VERY HIGH,6,Yellow,1,0,0,-11695.89,0.0,11717.76
TXN-00040002,CUST-000622,2023-11-18,7479.24,Card Not Present,Mobile Banking,Grocery & Supermarkets,Sainsbury's,Retail,1,Friendly Fraud,99,33.33,94.67,74.72,VERY HIGH,6,Yellow,1,0,0,-7853.37,0.0,7853.2
TXN-00006115,CUST-005763,2024-11-10,2860.34,Purchase,Internet Banking,Grocery & Supermarkets,Kroger,Student,1,Friendly Fraud,100,33.33,93.52,74.72,VERY HIGH,6,Yellow,1,0,0,-2955.19,0.0,3003.36
TXN-00017244,CUST-006442,2024-06-24,6488.31,Purchase,Branch,Grocery & Supermarkets,Sainsbury's,Retail,1,Synthetic Identity,99,33.33,94.65,74.71,VERY HIGH,6,Yellow,1,0,0,-13190.99,6488.31,6812.73
TXN-00040674,CUST-000342,2023-05-26,42935.96,Purchase,Mobile Banking,Fuel & Petroleum,BP,Premium,1,Synthetic Identity,96,36.17,94.83,74.71,VERY HIGH,7,Yellow,0,0,0,729.66,0.0,0.0
TXN-00015129,CUST-002616,2024-12-26,5724.28,Purchase,Internet Banking,Electronics & Technology,Samsung,Retail,1,First Party Fraud,100,33.33,93.46,74.7,VERY HIGH,6,Yellow,1,0,0,-5913.68,0.0,6010.49
TXN-00022966,CUST-000320,2023-04-15,3515.21,Purchase,POS Terminal,Financial Services / Money Transfer,Wise,Retail,1,Account Takeover,99,34.04,93.75,74.69,VERY HIGH,6,Yellow,1,0,0,-7146.59,3515.21,3690.97
TXN-00019859,CUST-007072,2023-11-09,3317.44,Withdrawal,POS Terminal,Travel & Airlines,United Airlines,Retail,1,SIM Swap,100,33.33,93.4,74.69,VERY HIGH,6,Yellow,1,0,0,-3487.05,0.0,3483.31
TXN-00038030,CUST-000880,2024-07-10,8336.87,Payment,Mobile Banking,Grocery & Supermarkets,Whole Foods,Retail,1,Synthetic Identity,100,33.33,93.42,74.69,VERY HIGH,6,Yellow,1,0,0,-8762.18,0.0,8753.71
TXN-00020617,CUST-001337,2024-12-23,6751.19,Withdrawal,Internet Banking,Hotels & Accommodation,Hyatt,Retail,1,Mule Account,100,33.33,93.41,74.69,VERY HIGH,6,Yellow,1,0,0,-7095.9,0.0,7088.75
TXN-00040894,CUST-001632,2024-01-14,2495.3,Transfer,ATM,Electronics & Technology,Currys,Retail,1,Mule Account,100,33.33,93.38,74.68,VERY HIGH,6,Yellow,1,1,0,-2989.49,0.0,2620.07
TXN-00049112,CUST-004373,2023-03-17,4986.72,Purchase,Mobile Banking,Grocery & Supermarkets,Kroger,Retail,1,SIM Swap,100,33.33,93.27,74.65,VERY HIGH,6,Yellow,1,0,0,-10138.15,4986.72,5236.06
TXN-00009429,CUST-005581,2023-01-05,11818.7,Transfer,Mobile Banking,Grocery & Supermarkets,Kroger,Retail,1,Authorised Push Payment,100,33.33,93.18,74.62,VERY HIGH,6,Yellow,1,0,0,-12386.3,0.0,12409.64
TXN-00041633,CUST-004684,2024-08-02,5414.96,Purchase,POS Terminal,Restaurants & Food Delivery,Domino's,Retail,1,Mule Account,99,33.33,94.33,74.61,VERY HIGH,6,Yellow,1,0,0,-11008.77,5414.96,5685.71
TXN-00049856,CUST-002221,2023-06-03,53679.75,Transfer,Branch,Travel & Airlines,British Airways,SME,1,Synthetic Identity,97,32.62,97.22,74.53,VERY HIGH,6,Yellow,1,0,0,-109936.27,53679.75,56363.74
TXN-00011393,CUST-001589,2023-07-28,5863.03,Interest Credit,Internet Banking,Grocery & Supermarkets,Kroger,Retail,1,Account Takeover,100,33.33,92.67,74.47,VERY HIGH,6,Yellow,1,0,0,-6168.03,0.0,6156.18
TXN-00048602,CUST-005686,2023-02-16,263088.87,Purchase,Mobile Banking,Financial Services / Money Transfer,PayPal,SME,1,SIM Swap,96,33.33,97.3,74.46,VERY HIGH,6,Yellow,0,0,0,4472.03,0.0,0.0
TXN-00008269,CUST-000869,2024-10-15,2042471.73,Refund,Mobile Banking,Retail / General Merchandise,Costco,Corporate,1,Synthetic Identity,88,39.01,99.83,74.4,VERY HIGH,7,Yellow,0,1,0,-2352927.7,2042471.73,0.0
TXN-00002945,CUST-000221,2023-12-16,316033.05,Purchase,Mobile Banking,Utilities & Telecom,Comcast,Private Banking,1,Authorised Push Payment,100,27.66,99.04,74.39,VERY HIGH,5,Yellow,1,0,0,-330412.99,0.0,331834.7
TXN-00002933,CUST-005942,2024-03-28,14566.92,Wire Transfer,Mobile Banking,Online Marketplaces,eBay,Retail,1,First Party Fraud,97,33.33,95.87,74.38,VERY HIGH,6,Yellow,1,0,0,-29789.73,14566.92,15295.27
TXN-00028861,CUST-007356,2024-01-20,45458.65,Transfer,Internet Banking,Healthcare & Pharmacy,Boots,SME,1,First Party Fraud,99,30.5,96.79,74.36,VERY HIGH,6,Yellow,1,0,0,-93099.8,45458.65,47731.58
TXN-00045201,CUST-003055,2023-01-10,145596.5,Withdrawal,Internet Banking,Education,Coursera,Private Banking,1,Account Takeover,98,30.5,97.95,74.36,VERY HIGH,6,Yellow,1,0,0,-298618.69,145596.5,152876.33
TXN-00003025,CUST-007014,2023-11-24,4982.47,Transfer,ATM,Electronics & Technology,Currys,Retail,1,Card Not Present Fraud,100,33.33,92.21,74.33,VERY HIGH,6,Yellow,1,0,0,-5222.03,0.0,5231.59
TXN-00002281,CUST-007721,2023-05-22,10435.61,Transfer,POS Terminal,Financial Services / Money Transfer,Western Union,Premium,1,Card Not Present Fraud,100,31.91,93.86,74.33,VERY HIGH,6,Yellow,1,0,0,-21372.48,10435.61,10957.39
TXN-00036008,CUST-004343,2024-03-16,584090.64,Withdrawal,Mobile Banking,Restaurants & Food Delivery,DoorDash,Corporate,1,Identity Theft,95,34.75,96.34,74.31,VERY HIGH,6,Yellow,1,1,0,-701493.1,0.0,613295.17
TXN-00003895,CUST-001581,2024-04-05,3189.34,Transfer,Mobile Banking,Travel & Airlines,Delta,Retail,1,Synthetic Identity,100,32.62,92.82,74.26,VERY HIGH,6,Yellow,1,0,0,-3342.74,0.0,3348.81
TXN-00044079,CUST-003918,2024-06-20,6028.57,Reversal,Call Centre,Retail / General Merchandise,Amazon,Retail,1,Authorised Push Payment,99,33.33,93.13,74.25,VERY HIGH,6,Yellow,1,0,1,-6342.5,0.0,6330.0
TXN-00043900,CUST-004024,2024-07-18,335498.12,Withdrawal,ATM,Retail / General Merchandise,Target,Corporate,1,Mule Account,100,26.95,99.1,74.16,VERY HIGH,5,Yellow,1,0,1,-688106.84,335498.12,352273.03
TXN-00032912,CUST-007753,2023-12-01,6151.36,Transfer,Internet Banking,Gaming & Gambling,FanDuel,Retail,1,Friendly Fraud,96,36.88,92.1,74.14,VERY HIGH,7,Yellow,0,0,0,11.9,0.0,0.0
TXN-00011113,CUST-002286,2024-01-29,26308.66,Transfer,POS Terminal,Gaming & Gambling,Steam,Retail,1,Synthetic Identity,95,36.88,93.19,74.11,VERY HIGH,7,Yellow,0,0,0,52.18,0.0,0.0
TXN-00047034,CUST-007176,2024-03-27,20856.63,Withdrawal,Mobile Banking,Healthcare & Pharmacy,Walgreens,Premium,1,Synthetic Identity,100,30.5,94.8,74.11,VERY HIGH,6,Yellow,1,0,0,-21920.75,0.0,21899.46
TXN-00043205,CUST-004890,2023-09-08,98928.02,Deposit,Internet Banking,Retail / General Merchandise,Amazon,Private Banking,1,First Party Fraud,98,30.5,97.07,74.1,VERY HIGH,6,Yellow,1,0,0,-104072.62,0.0,103874.42
TXN-00013073,CUST-004844,2023-02-21,4735.04,Purchase,Internet Banking,Grocery & Supermarkets,Kroger,Retail,1,Card Not Present Fraud,100,32.62,92.28,74.1,VERY HIGH,6,Yellow,0,0,0,80.34,0.0,0.0
TXN-00033446,CUST-004268,2023-12-10,2211.25,Refund,Internet Banking,Grocery & Supermarkets,Tesco,Retail,1,Authorised Push Payment,99,32.62,93.45,74.1,VERY HIGH,6,Yellow,1,1,0,-4869.52,2211.25,2321.81
TXN-00021414,CUST-004018,2024-11-03,371060.33,Transfer,Mobile Banking,Retail / General Merchandise,Target,Corporate,1,First Party Fraud,100,26.95,98.9,74.1,VERY HIGH,5,Yellow,1,0,0,-759931.98,371060.33,389613.35
TXN-00034877,CUST-005739,2024-08-31,9595.55,Purchase,Branch,Grocery & Supermarkets,Whole Foods,Retail,1,Phishing,98,33.33,93.7,74.08,VERY HIGH,6,Yellow,1,0,0,-9912.31,0.0,10075.33
TXN-00015947,CUST-004910,2023-07-14,34601.3,Transfer,Mobile Banking,Travel & Airlines,Lufthansa,Premium,1,Identity Theft,94,34.75,96.73,74.08,VERY HIGH,6,Yellow,1,0,0,-70863.93,34601.3,36331.37
TXN-00004712,CUST-001981,2023-07-12,4026.08,Deposit,Internet Banking,Electronics & Technology,Apple Store,Retail,1,Friendly Fraud,100,31.91,92.96,74.06,VERY HIGH,6,Yellow,1,0,0,-4235.57,0.0,4227.38
TXN-00032388,CUST-006525,2023-02-18,1163.58,Purchase,Internet Banking,Financial Services / Money Transfer,Western Union,Retail,1,Mule Account,100,31.91,92.98,74.06,VERY HIGH,6,Yellow,1,0,0,-2365.97,1163.58,1221.76
TXN-00044229,CUST-000273,2024-09-28,247749.58,Transfer,Internet Banking,Healthcare & Pharmacy,Walgreens,Corporate,1,Card Not Present Fraud,100,26.95,98.69,74.04,VERY HIGH,5,Yellow,1,0,1,-507391.6,247749.58,260137.06
TXN-00005225,CUST-002697,2023-01-20,143961.93,Purchase,Mobile Banking,Grocery & Supermarkets,Tesco,Private Banking,1,Identity Theft,100,26.95,98.5,73.98,VERY HIGH,5,Yellow,1,0,0,-148713.04,0.0,151160.03
TXN-00048300,CUST-006974,2024-05-06,1876.66,Withdrawal,Internet Banking,Travel & Airlines,British Airways,Retail,1,Card Not Present Fraud,99,32.62,93.02,73.97,VERY HIGH,6,Yellow,1,0,0,-1972.51,0.0,1970.49
TXN-00029027,CUST-004749,2023-10-21,3575.46,Deposit,ATM,Utilities & Telecom,Comcast,Retail,1,Synthetic Identity,100,31.91,92.65,73.96,VERY HIGH,6,Yellow,1,0,0,-3761.51,0.0,3754.23
TXN-00012880,CUST-005876,2023-03-17,6015.36,Interest Credit,Mobile Banking,Financial Services / Money Transfer,Western Union,Retail,1,Phishing,99,33.33,91.93,73.89,VERY HIGH,6,Yellow,0,0,0,-12.52,0.0,0.0
TXN-00037875,CUST-001414,2023-04-20,4236.0,Chargeback,ATM,Retail / General Merchandise,Target,Retail,1,Mule Account,100,30.5,94.02,73.88,VERY HIGH,6,Yellow,1,0,0,-8692.44,4236.0,4447.8
TXN-00043787,CUST-007675,2023-11-22,88398.74,Purchase,ATM,Entertainment & Streaming,Disney+,Premium,1,SIM Swap,96,32.62,96.14,73.86,VERY HIGH,6,Yellow,0,0,0,1502.64,0.0,0.0
TXN-00002396,CUST-007464,2023-09-22,9247.83,Purchase,Mobile Banking,Utilities & Telecom,Verizon,Retail,1,Synthetic Identity,97,33.33,94.08,73.84,VERY HIGH,6,Yellow,1,0,0,-9669.04,0.0,9710.22
TXN-00015678,CUST-005912,2024-12-27,1238.77,Withdrawal,Internet Banking,Grocery & Supermarkets,Whole Foods,Student,1,Synthetic Identity,100,30.5,93.9,73.84,VERY HIGH,6,Yellow,1,0,0,-2540.89,1238.77,1300.71
TXN-00008489,CUST-006187,2023-03-11,11426.4,Refund,Internet Banking,Financial Services / Money Transfer,MoneyGram,SME,1,Account Takeover,92,37.59,94.92,73.83,VERY HIGH,7,Yellow,1,1,0,-13734.89,0.0,11997.72
TXN-00046077,CUST-005979,2024-08-19,9714.96,Payment,ATM,Financial Services / Money Transfer,PayPal,Premium,1,Friendly Fraud,100,29.79,94.64,73.82,VERY HIGH,6,Yellow,1,0,0,-19925.64,9714.96,10200.71
TXN-00037561,CUST-007388,2023-07-12,7113.7,Purchase,Mobile Banking,Financial Services / Money Transfer,Western Union,NRI / Diaspora,1,Synthetic Identity,98,32.62,93.63,73.81,VERY HIGH,6,Yellow,1,0,0,-14462.42,7113.7,7469.39
TXN-00012202,CUST-001450,2023-05-19,130633.67,Deposit,Mobile Banking,Grocery & Supermarkets,ALDI,Private Banking,1,Mule Account,100,26.95,97.92,73.81,VERY HIGH,5,Yellow,1,0,0,-268060.48,130633.67,137165.35
TXN-00022828,CUST-006029,2023-12-31,57379.8,Transfer,Mobile Banking,Financial Services / Money Transfer,Western Union,SME,1,Authorised Push Payment,95,32.62,97.08,73.79,VERY HIGH,6,Yellow,0,1,0,-65872.35,57379.8,0.0
TXN-00002200,CUST-004026,2023-07-16,165902.36,Withdrawal,Internet Banking,Insurance,Allstate,Corporate,1,Friendly Fraud,97,30.5,97.17,73.78,VERY HIGH,6,Yellow,1,0,0,-174363.73,0.0,174197.48
TXN-00028532,CUST-003039,2023-07-24,5966.37,Withdrawal,Internet Banking,Retail / General Merchandise,Best Buy,Retail,1,Mule Account,97,33.33,93.8,73.76,VERY HIGH,6,Yellow,1,0,0,-12237.22,5966.37,6264.69
TXN-00040988,CUST-004196,2024-06-09,8790.31,Transfer,ATM,Financial Services / Money Transfer,MoneyGram,Retail,1,Friendly Fraud,95,36.88,91.99,73.76,VERY HIGH,7,Yellow,0,0,0,17.11,0.0,0.0
TXN-00026586,CUST-002478,2024-03-24,56377.19,Purchase,Internet Banking,Restaurants & Food Delivery,DoorDash,SME,1,Mule Account,100,26.95,97.7,73.74,VERY HIGH,5,Yellow,1,0,0,-114614.97,56377.19,59196.05
TXN-00047770,CUST-003677,2024-10-04,5557.32,Payment,Mobile Banking,Hotels & Accommodation,Hilton,Retail,1,Card Not Present Fraud,98,33.33,92.51,73.72,VERY HIGH,6,Yellow,1,0,0,-5841.1,0.0,5835.19
TXN-00025733,CUST-004317,2023-11-25,145036.44,Purchase,Internet Banking,Online Marketplaces,Etsy,SME,1,Account Takeover,89,36.88,98.8,73.7,VERY HIGH,7,Yellow,0,1,0,-164326.74,145036.44,0.0
TXN-00017329,CUST-005066,2023-09-30,1456.75,Withdrawal,API/Open Banking,Electronics & Technology,Best Buy,Retail,1,First Party Fraud,100,31.21,92.53,73.68,VERY HIGH,6,Yellow,1,0,0,-1531.4,0.0,1529.59
TXN-00033889,CUST-004540,2024-07-15,2143.85,Transfer,Internet Banking,Financial Services / Money Transfer,PayPal,Retail,1,Friendly Fraud,100,31.21,92.52,73.68,VERY HIGH,6,Yellow,1,0,0,-4390.93,2143.85,2251.04
TXN-00019039,CUST-006695,2024-01-30,63674.44,Transfer,Mobile Banking,Grocery & Supermarkets,Whole Foods,Premium,1,SIM Swap,100,27.66,96.64,73.67,VERY HIGH,5,Yellow,1,0,0,-66731.07,0.0,66858.16
TXN-00007774,CUST-002827,2024-01-04,169486.93,Purchase,Mobile Banking,Financial Services / Money Transfer,PayPal,SME,1,Authorised Push Payment,94,33.33,97.01,73.67,VERY HIGH,6,Yellow,0,0,0,2880.87,0.0,0.0
TXN-00015241,CUST-006140,2024-09-18,54128.2,Purchase,Internet Banking,Hotels & Accommodation,Marriott,SME,1,Friendly Fraud,97,30.5,96.75,73.65,VERY HIGH,6,Yellow,1,0,0,-55914.59,0.0,56834.61
TXN-00024591,CUST-007139,2023-08-26,66138.12,Purchase,Mobile Banking,Crypto Exchanges,Coinbase,Private Banking,1,Authorised Push Payment,100,27.66,96.55,73.65,VERY HIGH,5,Yellow,1,0,0,-68320.97,0.0,69445.03
TXN-00043627,CUST-004704,2024-08-04,26325.67,Purchase,Mobile Banking,Travel & Airlines,Emirates,Premium,1,SIM Swap,90,38.3,95.76,73.63,VERY HIGH,7,Yellow,1,0,0,-27194.8,0.0,27641.95
TXN-00049889,CUST-000218,2024-04-14,75722.81,Refund,Mobile Banking,Electronics & Technology,Apple Store,SME,1,Authorised Push Payment,90,36.88,97.35,73.61,VERY HIGH,7,Yellow,0,1,0,-87232.79,75722.81,0.0
TXN-00021488,CUST-007058,2024-01-01,3249.41,Withdrawal,Internet Banking,Financial Services / Money Transfer,Wise,Retail,1,SIM Swap,99,32.62,91.64,73.56,VERY HIGH,6,Yellow,0,0,0,-3252.87,3249.41,0.0
TXN-00026926,CUST-001679,2024-08-11,3165.55,Purchase,Mobile Banking,Fuel & Petroleum,TotalEnergies,Retail,1,Synthetic Identity,100,30.5,92.94,73.56,VERY HIGH,6,Yellow,1,0,0,-3270.23,0.0,3323.83
TXN-00044453,CUST-006687,2024-04-11,1676.73,Transfer,ATM,Crypto Exchanges,Binance,Retail,1,Friendly Fraud,100,31.21,92.0,73.52,VERY HIGH,6,Yellow,1,0,0,-1757.62,0.0,1760.57
TXN-00036821,CUST-007635,2023-12-29,255095.72,Reversal,Internet Banking,Grocery & Supermarkets,ALDI,Private Banking,1,Account Takeover,93,33.33,97.58,73.49,VERY HIGH,6,Yellow,0,0,1,-255606.19,255095.72,0.0
TXN-00029045,CUST-006928,2023-09-04,25934.31,Purchase,API/Open Banking,Grocery & Supermarkets,Kroger,Premium,1,Account Takeover,95,33.33,95.25,73.49,VERY HIGH,6,Yellow,1,0,0,-26790.49,0.0,27231.03
TXN-00006528,CUST-001943,2024-07-24,122945.76,Payment,POS Terminal,Financial Services / Money Transfer,Wise,SME,1,SIM Swap,96,33.33,94.0,73.47,VERY HIGH,6,Yellow,0,0,0,-123.07,0.0,0.0
TXN-00016926,CUST-004060,2023-04-01,28725.96,Purchase,Internet Banking,Online Marketplaces,Etsy,NRI / Diaspora,1,Phishing,89,39.01,95.57,73.47,VERY HIGH,7,Yellow,0,1,0,-32546.7,28725.96,0.0
TXN-00025678,CUST-005281,2023-12-25,13950.51,Purchase,ATM,Real Estate,Zillow Rental,NRI / Diaspora,1,Friendly Fraud,100,29.08,94.24,73.45,VERY HIGH,6,Yellow,1,0,0,-14411.04,0.0,14648.04
TXN-00002751,CUST-003193,2024-06-01,1374.6,Transfer,Mobile Banking,Crypto Exchanges,Bybit,Student,1,Identity Theft,94,36.88,92.03,73.42,VERY HIGH,7,Yellow,0,0,0,-1371.95,1374.6,0.0
TXN-00004155,CUST-006090,2023-12-31,24267.67,Withdrawal,Mobile Banking,Travel & Airlines,United Airlines,Retail,1,Phishing,94,34.75,94.44,73.39,VERY HIGH,6,Yellow,1,0,0,-25505.65,0.0,25481.05
TXN-00004628,CUST-005672,2024-01-25,2150.34,Payment,Mobile Banking,Travel & Airlines,United Airlines,Retail,1,Synthetic Identity,100,29.79,93.08,73.35,VERY HIGH,6,Yellow,1,0,0,-4410.81,2150.34,2257.86
TXN-00002657,CUST-007915,2024-08-02,1922.81,Deposit,Internet Banking,Gaming & Gambling,FanDuel,Retail,1,Friendly Fraud,100,31.21,91.38,73.34,VERY HIGH,6,Yellow,1,0,0,-2023.26,0.0,2018.95
TXN-00041461,CUST-003294,2024-07-14,32132.17,Withdrawal,Mobile Banking,Financial Services / Money Transfer,Remitly,Premium,1,Friendly Fraud,95,34.75,93.09,73.34,VERY HIGH,6,Yellow,0,0,1,-32.45,0.0,0.0
TXN-00030344,CUST-006618,2023-10-01,10633.1,Deposit,Mobile Banking,Auto & Transportation,Lyft,Retail,1,First Party Fraud,100,27.66,95.5,73.33,VERY HIGH,5,Yellow,1,0,0,-21819.47,10633.1,11164.76
TXN-00025156,CUST-007635,2023-08-06,112468.83,Wire Transfer,Mobile Banking,Financial Services / Money Transfer,Western Union,Private Banking,1,Phishing,98,27.66,97.84,73.33,VERY HIGH,5,Yellow,1,0,0,-229999.03,112468.83,118092.27
TXN-00016823,CUST-000261,2024-08-30,10592.1,Purchase,API/Open Banking,Grocery & Supermarkets,ALDI,Premium,1,Phishing,98,31.21,93.61,73.31,VERY HIGH,6,Yellow,1,0,0,-10941.98,0.0,11121.71
TXN-00049130,CUST-005228,2024-05-05,213568.79,Withdrawal,Mobile Banking,Online Marketplaces,Flipkart,Corporate,1,Synthetic Identity,100,25.53,97.91,73.31,VERY HIGH,5,Yellow,1,0,0,-438030.0,213568.79,224247.23
TXN-00040278,CUST-002373,2023-07-27,112179.73,Payment,Internet Banking,Restaurants & Food Delivery,Domino's,Private Banking,1,Mule Account,100,26.95,96.22,73.3,VERY HIGH,5,Yellow,1,0,0,-117901.2,0.0,117788.72
TXN-00004011,CUST-004928,2023-01-12,6225.59,Fee Charge,Internet Banking,Education,Khan Academy,Retail,1,Authorised Push Payment,98,32.62,91.92,73.29,VERY HIGH,6,Yellow,0,0,0,-12.91,0.0,0.0
TXN-00005488,CUST-001512,2024-11-09,58968.36,Withdrawal,Mobile Banking,Auto & Transportation,National Car,SME,1,SIM Swap,100,26.95,96.1,73.26,VERY HIGH,5,Yellow,1,0,0,-61975.89,0.0,61916.78
TXN-00026208,CUST-005196,2024-10-25,71928.96,Withdrawal,Branch,Fuel & Petroleum,Chevron,SME,1,First Party Fraud,94,32.62,96.25,73.19,VERY HIGH,6,Yellow,1,0,0,-75597.53,0.0,75525.41
TXN-00036291,CUST-007004,2023-08-28,79023.52,Payment,Internet Banking,Education,Chegg,SME,1,Phishing,94,32.62,96.24,73.19,VERY HIGH,6,Yellow,1,0,0,-83054.1,0.0,82974.7
TXN-00011643,CUST-007331,2023-05-05,12810.56,Purchase,Mobile Banking,Financial Services / Money Transfer,Remitly,Retail,1,Friendly Fraud,93,36.88,92.4,73.18,VERY HIGH,7,Yellow,0,0,0,217.53,0.0,0.0
TXN-00035743,CUST-006701,2024-01-06,44293.86,Refund,Mobile Banking,Travel & Airlines,Delta,Premium,1,SIM Swap,90,36.88,95.72,73.12,VERY HIGH,7,Yellow,0,1,0,-6733.16,0.0,0.0
TXN-00016427,CUST-000102,2024-01-05,8968.75,Chargeback,Branch,Retail / General Merchandise,Costco,Premium,1,Phishing,98,31.91,92.04,73.08,VERY HIGH,6,Yellow,0,0,0,-18.18,0.0,0.0
TXN-00008464,CUST-006879,2024-01-12,28318.14,Deposit,Internet Banking,Financial Services / Money Transfer,PayPal,SME,1,First Party Fraud,100,27.66,94.55,73.05,VERY HIGH,5,Yellow,1,0,0,-58109.25,28318.14,29734.05
TXN-00047819,CUST-002328,2023-11-23,7346.63,Purchase,Internet Banking,Grocery & Supermarkets,ALDI,Retail,1,Account Takeover,100,28.37,93.69,73.04,VERY HIGH,5,Yellow,1,0,0,-7589.3,0.0,7713.96
TXN-00014768,CUST-004067,2024-10-01,5502.84,Fee Charge,ATM,Restaurants & Food Delivery,McDonald's,Retail,1,Account Takeover,96,32.62,93.37,73.03,VERY HIGH,6,Yellow,0,0,0,-5514.31,5502.84,0.0
TXN-00044752,CUST-003125,2023-09-14,51143.49,Deposit,POS Terminal,Grocery & Supermarkets,Sainsbury's,SME,1,Phishing,100,26.95,95.3,73.02,VERY HIGH,5,Yellow,1,0,0,-53803.41,0.0,53700.66
TXN-00015362,CUST-006700,2023-04-02,5578.71,Payment,POS Terminal,Financial Services / Money Transfer,MoneyGram,Retail,1,First Party Fraud,97,33.33,91.27,73.0,VERY HIGH,6,Yellow,0,0,0,-6.06,0.0,0.0
TXN-00048195,CUST-002592,2023-07-15,190868.49,Card Not Present,Mobile Banking,Retail / General Merchandise,Amazon,SME,1,Account Takeover,93,32.62,96.78,73.0,VERY HIGH,6,Yellow,1,0,0,-200412.18,0.0,200411.91
TXN-00026476,CUST-001872,2023-03-07,4575.27,Purchase,Internet Banking,Electronics & Technology,Apple Store,Retail,1,Identity Theft,91,36.88,94.12,72.99,VERY HIGH,7,Yellow,0,0,1,-4497.88,4575.27,0.0
TXN-00000532,CUST-007312,2023-08-15,2867.45,Payment,Mobile Banking,Online Marketplaces,Flipkart,Premium,1,Authorised Push Payment,100,29.08,92.72,72.99,VERY HIGH,6,Yellow,1,0,0,-3013.94,0.0,3010.82
TXN-00046083,CUST-002117,2024-03-28,4742.2,Refund,API/Open Banking,Electronics & Technology,Best Buy,Retail,1,Mule Account,90,37.59,94.45,72.99,VERY HIGH,7,Yellow,0,1,0,-5463.16,4742.2,0.0
TXN-00021393,CUST-005022,2024-01-28,10873.93,Withdrawal,Internet Banking,Restaurants & Food Delivery,Domino's,Retail,1,Friendly Fraud,97,32.62,92.0,72.97,VERY HIGH,6,Yellow,0,0,0,-11.0,0.0,0.0
TXN-00016997,CUST-001960,2024-11-12,96327.85,Purchase,Mobile Banking,Fuel & Petroleum,Shell,SME,1,Account Takeover,95,29.08,98.49,72.97,VERY HIGH,5,Yellow,1,0,0,-195834.83,96327.85,101144.24
TXN-00047013,CUST-004674,2023-09-25,1882.11,Payment,ATM,Financial Services / Money Transfer,Remitly,Retail,1,SIM Swap,99,30.5,92.14,72.97,VERY HIGH,6,Yellow,0,0,1,-1884.13,1882.11,0.0
TXN-00008524,CUST-000982,2023-08-24,43108.69,Withdrawal,Internet Banking,Education,Udemy,SME,1,Synthetic Identity,100,26.95,95.03,72.94,VERY HIGH,5,Yellow,1,0,0,-45307.45,0.0,45264.12
TXN-00036264,CUST-000438,2024-05-27,123562.87,Reversal,Call Centre,Online Marketplaces,eBay,Corporate,1,SIM Swap,100,24.82,97.46,72.92,VERY HIGH,5,Yellow,1,0,1,-129988.31,0.0,129741.01
TXN-00017578,CUST-007872,2023-08-28,6392.88,Refund,Mobile Banking,Electronics & Technology,Samsung,Retail,1,First Party Fraud,93,34.75,94.02,72.92,VERY HIGH,6,Yellow,1,1,0,-7684.63,0.0,6712.52
TXN-00043639,CUST-004505,2023-09-07,11477.95,Purchase,Mobile Banking,Grocery & Supermarkets,Tesco,Premium,1,Identity Theft,100,27.66,94.06,72.9,VERY HIGH,5,Yellow,1,0,0,-23335.12,11477.95,12051.85
TXN-00029813,CUST-004475,2023-10-18,171952.03,Transfer,USSD,Grocery & Supermarkets,Kroger,Private Banking,1,Synthetic Identity,91,33.33,97.96,72.9,VERY HIGH,6,Yellow,1,0,0,-352157.86,171952.03,180549.63
TXN-00014572,CUST-006195,2024-06-21,49811.76,Withdrawal,Branch,Utilities & Telecom,Vodafone,Private Banking,1,Identity Theft,96,29.79,96.2,72.89,VERY HIGH,6,Yellow,0,0,0,-49861.72,49811.76,0.0
TXN-00001093,CUST-006329,2023-06-07,8485.21,Purchase,POS Terminal,Financial Services / Money Transfer,Wise,Premium,1,Phishing,95,31.91,94.9,72.89,VERY HIGH,6,Yellow,1,0,1,-17250.72,8485.21,8909.47
TXN-00032657,CUST-004761,2024-07-12,13100.21,Purchase,ATM,Restaurants & Food Delivery,DoorDash,Premium,1,Friendly Fraud,100,25.53,96.34,72.84,VERY HIGH,5,Yellow,1,0,1,-26632.93,13100.21,13755.22
TXN-00016531,CUST-005290,2023-05-17,46911.84,Transfer,Mobile Banking,Retail / General Merchandise,Walmart,SME,1,First Party Fraud,98,26.24,97.83,72.83,VERY HIGH,5,Yellow,1,1,0,-103112.4,46911.84,49257.43
TXN-00032786,CUST-000326,2023-03-11,143855.37,Wire Transfer,Internet Banking,Travel & Airlines,Delta,SME,1,Synthetic Identity,90,34.04,98.05,72.83,VERY HIGH,6,Yellow,0,1,0,-164714.64,143855.37,0.0
TXN-00030795,CUST-006628,2024-09-25,165413.75,Purchase,Internet Banking,Electronics & Technology,Flipkart,Private Banking,1,Friendly Fraud,94,29.08,99.1,72.81,VERY HIGH,5,Yellow,1,0,0,-336286.43,165413.75,173684.44
TXN-00044391,CUST-006051,2024-07-05,19087.15,Purchase,API/Open Banking,Healthcare & Pharmacy,Walgreens,Premium,1,Identity Theft,96,30.5,95.1,72.8,VERY HIGH,6,Yellow,1,0,1,-19717.44,0.0,20041.51
TXN-00029402,CUST-005624,2024-07-05,26162.57,Withdrawal,POS Terminal,Grocery & Supermarkets,Sainsbury's,SME,1,Card Not Present Fraud,99,26.95,95.63,72.77,VERY HIGH,5,Yellow,1,1,0,-31421.68,0.0,27470.7
TXN-00016728,CUST-000117,2023-06-06,42905.67,Deposit,USSD,Healthcare & Pharmacy,Walgreens,SME,1,Synthetic Identity,100,24.82,96.85,72.74,VERY HIGH,5,Yellow,1,0,0,-88042.75,42905.67,45050.95
TXN-00014243,CUST-000501,2023-10-31,53452.23,Interest Credit,POS Terminal,Restaurants & Food Delivery,McDonald's,Private Banking,1,Friendly Fraud,98,26.95,96.66,72.73,VERY HIGH,5,Yellow,1,0,0,-109684.11,53452.23,56124.84
TXN-00025135,CUST-007458,2023-03-20,2898.09,Purchase,Branch,Entertainment & Streaming,YouTube Premium,Retail,1,Mule Account,98,29.79,93.2,72.69,VERY HIGH,6,Yellow,0,0,0,-2849.25,2898.09,0.0
TXN-00041868,CUST-004793,2023-02-16,7459.7,Withdrawal,Mobile Banking,Grocery & Supermarkets,ALDI,Retail,1,Card Not Present Fraud,95,32.62,93.37,72.68,VERY HIGH,6,Yellow,0,0,0,-7467.55,7459.7,0.0
TXN-00010158,CUST-002873,2023-05-04,1093398.52,Withdrawal,POS Terminal,Electronics & Technology,Best Buy,Corporate,1,First Party Fraud,88,36.88,96.59,72.68,VERY HIGH,7,Yellow,0,0,0,-1093.56,0.0,0.0
TXN-00046279,CUST-003650,2024-02-09,13392.68,Deposit,Internet Banking,Retail / General Merchandise,Best Buy,NRI / Diaspora,1,Authorised Push Payment,99,28.37,93.62,72.67,VERY HIGH,6,Yellow,0,0,0,-13419.6,13392.68,0.0
TXN-00021494,CUST-005351,2023-08-27,45302.75,Refund,USSD,Healthcare & Pharmacy,Boots,SME,1,Friendly Fraud,89,36.88,95.33,72.66,VERY HIGH,7,Yellow,0,1,0,-6886.52,0.0,0.0
TXN-00009227,CUST-000549,2024-09-11,45336.15,Withdrawal,Branch,Retail / General Merchandise,Target,Premium,1,Card Not Present Fraud,97,27.66,96.78,72.66,VERY HIGH,5,Yellow,1,0,0,-92984.61,45336.15,47602.96
TXN-00031915,CUST-006190,2024-07-21,14708.81,Reversal,POS Terminal,Healthcare & Pharmacy,Walgreens,Retail,1,Mule Account,97,29.08,95.06,72.65,VERY HIGH,5,Yellow,1,0,1,-30182.74,14708.81,15444.25
TXN-00014691,CUST-001699,2023-02-12,508.3,Reversal,Mobile Banking,Financial Services / Money Transfer,Remitly,Student,1,Card Not Present Fraud,100,28.37,92.34,72.63,VERY HIGH,5,Yellow,1,0,1,-535.16,0.0,533.72
TXN-00045067,CUST-001615,2023-01-06,6505.19,Refund,Internet Banking,Electronics & Technology,Samsung,Retail,1,Phishing,90,36.88,93.96,72.6,VERY HIGH,7,Yellow,0,1,0,-988.89,0.0,0.0
TXN-00040754,CUST-001405,2023-08-10,179806.67,Interest Credit,Internet Banking,Entertainment & Streaming,Spotify,Private Banking,1,Identity Theft,92,32.62,96.58,72.59,VERY HIGH,6,Yellow,1,0,0,-189156.72,0.0,188797.0
TXN-00022077,CUST-002479,2024-12-24,4238.99,Payment,POS Terminal,Financial Services / Money Transfer,Wise,Retail,1,Identity Theft,96,32.62,91.91,72.59,VERY HIGH,6,Yellow,0,0,0,-4243.63,4238.99,0.0
TXN-00016604,CUST-003276,2024-10-10,25064.07,Reversal,Mobile Banking,Crypto Exchanges,OKX,Corporate,1,Mule Account,99,29.08,92.53,72.59,VERY HIGH,6,Yellow,0,0,1,-50.25,0.0,0.0
TXN-00009060,CUST-001183,2024-03-22,16249.76,Reversal,Internet Banking,Entertainment & Streaming,Spotify,Premium,1,Mule Account,100,26.95,93.8,72.57,VERY HIGH,5,Yellow,1,0,1,-17095.04,0.0,17062.25
TXN-00021661,CUST-003157,2023-05-15,676.63,Withdrawal,ATM,Electronics & Technology,Samsung,Student,1,Phishing,100,26.95,93.78,72.57,VERY HIGH,5,Yellow,1,0,0,-1388.23,676.63,710.46
TXN-00016145,CUST-002873,2024-07-25,892393.48,Refund,Internet Banking,Fuel & Petroleum,Chevron,Corporate,1,Card Not Present Fraud,85,39.01,97.2,72.56,VERY HIGH,7,Yellow,0,1,0,-135643.99,0.0,0.0
TXN-00028633,CUST-001705,2023-04-08,2305.27,Purchase,Internet Banking,Electronics & Technology,Currys,Retail,1,Card Not Present Fraud,95,32.62,92.96,72.56,VERY HIGH,6,Yellow,0,1,1,-307.03,0.0,0.0
TXN-00011735,CUST-000557,2023-01-14,3059.18,Withdrawal,Branch,Fuel & Petroleum,BP,Retail,1,Friendly Fraud,100,27.66,92.91,72.55,VERY HIGH,5,Yellow,1,0,0,-6274.87,3059.18,3212.14
TXN-00048596,CUST-002264,2023-06-09,7048.74,Purchase,Call Centre,Fuel & Petroleum,Chevron,Retail,1,Identity Theft,87,41.13,92.31,72.54,VERY HIGH,8,Orange,0,0,0,119.7,0.0,0.0
TXN-00038398,CUST-007231,2023-11-07,1144.72,Purchase,Mobile Banking,Financial Services / Money Transfer,Remitly,Retail,1,Mule Account,98,30.5,91.75,72.5,VERY HIGH,6,Yellow,0,0,0,-1125.59,1144.72,0.0
TXN-00029150,CUST-001630,2023-02-17,21258.37,Transfer,Internet Banking,Grocery & Supermarkets,Tesco,Premium,1,First Party Fraud,94,32.62,93.9,72.49,VERY HIGH,6,Yellow,1,0,0,-22279.13,0.0,22321.29
TXN-00030402,CUST-004587,2023-05-09,3028.6,Withdrawal,Branch,Healthcare & Pharmacy,Walgreens,Retail,1,Card Not Present Fraud,100,26.95,93.48,72.48,VERY HIGH,5,Yellow,1,0,0,-6211.9,3028.6,3180.03
TXN-00002364,CUST-004194,2023-07-30,204835.22,Purchase,Call Centre,Online Marketplaces,Alibaba,SME,1,Authorised Push Payment,95,27.66,98.43,72.46,VERY HIGH,5,Yellow,1,0,0,-211594.95,0.0,215076.98
TXN-00048283,CUST-002548,2023-07-15,4140.68,Fee Charge,Internet Banking,Restaurants & Food Delivery,DoorDash,Retail,1,Identity Theft,100,26.95,93.39,72.45,VERY HIGH,5,Yellow,1,0,0,-8497.14,4140.68,4347.71
TXN-00001225,CUST-004169,2023-10-08,13030.48,Wire Transfer,API/Open Banking,Electronics & Technology,Currys,Retail,1,Identity Theft,89,36.88,94.64,72.45,VERY HIGH,7,Yellow,1,0,0,-13617.14,0.0,13682.0
TXN-00003746,CUST-004578,2024-11-11,1824.71,Transfer,Internet Banking,Fuel & Petroleum,Chevron,Retail,1,Account Takeover,99,29.79,91.25,72.45,VERY HIGH,6,Yellow,0,0,0,-1821.25,1824.71,0.0
TXN-00024209,CUST-001906,2024-02-07,2886.15,Deposit,Branch,Healthcare & Pharmacy,Boots,Retail,1,Mule Account,100,26.95,93.19,72.39,VERY HIGH,5,Yellow,1,0,0,-5922.72,2886.15,3030.46
TXN-00019100,CUST-001840,2024-03-03,12095.42,Reversal,ATM,Hotels & Accommodation,IHG,Retail,1,First Party Fraud,97,29.08,94.13,72.37,VERY HIGH,5,Yellow,1,0,1,-24820.02,12095.42,12700.19
TXN-00048014,CUST-000509,2024-10-01,577.0,Fee Charge,API/Open Banking,Fuel & Petroleum,BP,Student,1,First Party Fraud,99,28.37,92.63,72.37,VERY HIGH,6,Yellow,1,0,0,-607.39,0.0,605.85
TXN-00006149,CUST-001879,2023-07-04,4153.7,Deposit,Mobile Banking,Fuel & Petroleum,TotalEnergies,Retail,1,SIM Swap,100,26.95,93.12,72.37,VERY HIGH,5,Yellow,1,0,0,-4370.1,0.0,4361.39
TXN-00045115,CUST-007035,2023-12-10,3331.97,Purchase,Mobile Banking,Utilities & Telecom,Comcast,Retail,1,Friendly Fraud,100,26.95,93.09,72.36,VERY HIGH,5,Yellow,1,0,0,-3483.72,0.0,3498.57
TXN-00024714,CUST-007023,2024-04-25,780.03,Purchase,POS Terminal,Retail / General Merchandise,Target,Student,1,First Party Fraud,100,27.66,92.22,72.35,VERY HIGH,5,Yellow,1,0,0,-805.9,0.0,819.03
TXN-00033221,CUST-003464,2024-01-22,9198.5,Purchase,Mobile Banking,Grocery & Supermarkets,Sainsbury's,Premium,1,First Party Fraud,100,25.53,94.68,72.34,VERY HIGH,5,Yellow,1,0,0,-18701.0,9198.5,9658.43
TXN-00031387,CUST-002108,2024-09-23,831.48,Transfer,Mobile Banking,Hotels & Accommodation,Hilton,Student,1,Account Takeover,100,26.95,93.02,72.34,VERY HIGH,5,Yellow,1,0,0,-1703.34,831.48,873.05
TXN-00049285,CUST-001230,2023-12-13,3004.58,Withdrawal,Mobile Banking,Electronics & Technology,Currys,Retail,1,Authorised Push Payment,100,26.95,93.02,72.34,VERY HIGH,5,Yellow,1,0,1,-3158.27,0.0,3154.81
TXN-00009531,CUST-007690,2024-12-06,564088.46,Transfer,Mobile Banking,Travel & Airlines,Delta,Corporate,1,Synthetic Identity,91,31.21,98.52,72.33,VERY HIGH,6,Yellow,0,0,0,-562960.5,564088.46,0.0
TXN-00013552,CUST-006774,2023-04-10,4569.86,Transfer,Internet Banking,Restaurants & Food Delivery,McDonald's,Retail,1,Mule Account,94,32.62,93.31,72.31,VERY HIGH,6,Yellow,1,0,0,-9359.2,4569.86,4798.35
TXN-00041485,CUST-004673,2023-10-29,45707.07,Transfer,POS Terminal,Retail / General Merchandise,Target,SME,1,Account Takeover,98,26.95,95.27,72.31,VERY HIGH,5,Yellow,1,0,0,-47901.33,0.0,47992.42
TXN-00006755,CUST-000604,2024-01-26,2641.4,Reversal,POS Terminal,Financial Services / Money Transfer,Wise,Retail,1,First Party Fraud,100,27.66,92.06,72.3,VERY HIGH,5,Yellow,1,0,1,-2779.12,0.0,2773.47
TXN-00034138,CUST-005218,2023-03-03,52139.56,Transfer,Mobile Banking,Electronics & Technology,Samsung,SME,1,Friendly Fraud,98,26.95,95.18,72.29,VERY HIGH,5,Yellow,1,0,0,-54642.72,0.0,54746.54
TXN-00004515,CUST-002947,2024-04-11,13930.44,Purchase,Internet Banking,Restaurants & Food Delivery,McDonald's,Premium,1,Account Takeover,98,26.95,95.2,72.29,VERY HIGH,5,Yellow,1,0,0,-28321.04,13930.44,14626.96
TXN-00000160,CUST-001190,2024-03-02,118752.39,Chargeback,Mobile Banking,Education,Chegg,SME,1,Synthetic Identity,94,29.08,97.37,72.29,VERY HIGH,5,Yellow,1,0,0,-243680.23,118752.39,124690.01
TXN-00033766,CUST-006549,2024-12-16,4842.93,Purchase,USSD,Online Marketplaces,eBay,Retail,1,First Party Fraud,89,36.88,94.07,72.28,VERY HIGH,7,Yellow,1,0,0,-9846.09,4842.93,5085.08
TXN-00048274,CUST-007352,2023-03-14,2638.95,Purchase,Mobile Banking,Grocery & Supermarkets,Sainsbury's,Retail,1,Mule Account,100,26.95,92.8,72.27,VERY HIGH,5,Yellow,1,0,0,-5365.18,2638.95,2770.9
TXN-00045185,CUST-000787,2024-07-17,520.37,Purchase,Internet Banking,Entertainment & Streaming,Apple TV+,Premium,1,SIM Swap,97,30.5,92.09,72.25,VERY HIGH,6,Yellow,1,0,0,-537.91,0.0,546.39
TXN-00043673,CUST-001541,2023-09-22,32513.75,Deposit,Call Centre,Retail / General Merchandise,Amazon,SME,1,Identity Theft,100,24.82,95.19,72.24,VERY HIGH,5,Yellow,1,0,0,-34204.75,0.0,34139.44
TXN-00011802,CUST-003262,2024-08-13,2011.44,Payment,Internet Banking,Financial Services / Money Transfer,Western Union,Premium,1,Synthetic Identity,91,35.46,93.23,72.23,VERY HIGH,7,Yellow,1,0,0,-2114.42,0.0,2112.01
TXN-00011609,CUST-001871,2023-06-14,96967.23,Withdrawal,ATM,Utilities & Telecom,Verizon,SME,1,Authorised Push Payment,90,32.62,97.7,72.23,VERY HIGH,6,Yellow,1,0,0,-198880.19,96967.23,101815.59
TXN-00033164,CUST-006914,2024-11-03,2436.68,Refund,Mobile Banking,Luxury Goods,Hermès,Retail,1,Card Not Present Fraud,89,36.88,93.92,72.23,VERY HIGH,7,Yellow,1,1,0,-2929.2,0.0,2558.51
TXN-00021593,CUST-003822,2024-01-13,2280.59,Payment,Mobile Banking,Real Estate,JLL,Retail,1,SIM Swap,100,26.95,92.64,72.22,VERY HIGH,5,Yellow,1,0,1,-2397.38,0.0,2394.62
TXN-00031528,CUST-002669,2024-11-26,173473.42,Purchase,Mobile Banking,Auto & Transportation,AutoZone,SME,1,Friendly Fraud,88,33.33,99.16,72.21,VERY HIGH,6,Yellow,0,1,0,-196545.87,173473.42,0.0
TXN-00047946,CUST-001476,2024-12-21,347155.16,Transfer,Internet Banking,Retail / General Merchandise,Amazon,Private Banking,1,Card Not Present Fraud,91,31.21,98.13,72.21,VERY HIGH,6,Yellow,0,0,0,-346461.32,347155.16,0.0
TXN-00031676,CUST-006272,2023-06-16,469.56,Transfer,Branch,Utilities & Telecom,Vodafone,Student,1,Identity Theft,100,26.95,92.54,72.19,VERY HIGH,5,Yellow,1,0,1,-492.36,0.0,493.04
TXN-00021381,CUST-002663,2024-11-18,2062.47,Withdrawal,POS Terminal,Retail / General Merchandise,Target,Retail,1,Friendly Fraud,100,25.53,94.17,72.19,VERY HIGH,5,Yellow,1,0,0,-4230.54,2062.47,2165.59
TXN-00003266,CUST-000293,2023-05-23,242302.76,Refund,USSD,Fuel & Petroleum,TotalEnergies,Corporate,1,Account Takeover,90,32.62,97.51,72.17,VERY HIGH,6,Yellow,1,1,0,-291248.04,0.0,254417.9
TXN-00027224,CUST-001933,2024-06-27,3530.6,Deposit,Mobile Banking,Gaming & Gambling,Bet365,Premium,1,First Party Fraud,94,31.91,93.68,72.17,VERY HIGH,6,Yellow,1,0,0,-7244.9,3530.6,3707.13
TXN-00017916,CUST-001758,2023-10-29,28646.22,Deposit,API/Open Banking,Fuel & Petroleum,ExxonMobil,Premium,1,Card Not Present Fraud,91,33.33,95.52,72.17,VERY HIGH,6,Yellow,1,0,0,-58782.51,28646.22,30078.53
TXN-00036507,CUST-005847,2023-12-17,2563.31,Payment,POS Terminal,Gaming & Gambling,Steam,Retail,1,Phishing,100,26.24,93.2,72.14,VERY HIGH,5,Yellow,1,0,0,-5257.84,2563.31,2691.48
TXN-00014245,CUST-003534,2023-06-08,3336.93,Transfer,ATM,Auto & Transportation,Hertz,Retail,1,Mule Account,100,26.95,92.34,72.13,VERY HIGH,5,Yellow,1,0,0,-3497.49,0.0,3503.78
TXN-00008551,CUST-001599,2023-09-16,2363.8,Deposit,Mobile Banking,Utilities & Telecom,Jio,Retail,1,Identity Theft,100,26.95,92.33,72.13,VERY HIGH,5,Yellow,1,0,0,-4850.66,2363.8,2481.99
TXN-00038621,CUST-005121,2023-06-15,3958.88,Deposit,Internet Banking,Retail / General Merchandise,Costco,Retail,1,Account Takeover,100,26.95,92.34,72.13,VERY HIGH,5,Yellow,1,0,0,-4164.99,0.0,4156.82
TXN-00014772,CUST-005231,2023-09-14,238541.3,Transfer,Branch,Government & Taxes,DMV,Private Banking,1,SIM Swap,94,29.08,96.81,72.12,VERY HIGH,5,Yellow,1,0,0,-249991.47,0.0,250468.36
TXN-00010028,CUST-002429,2023-04-18,7252.6,Purchase,API/Open Banking,Fuel & Petroleum,Chevron,Retail,1,First Party Fraud,90,37.59,91.5,72.11,VERY HIGH,7,Yellow,0,0,0,123.01,0.0,0.0
TXN-00038822,CUST-006123,2023-11-04,2275.94,Purchase,POS Terminal,Retail / General Merchandise,Best Buy,Retail,1,SIM Swap,99,26.95,93.42,72.11,VERY HIGH,5,Yellow,1,0,0,-4627.48,2275.94,2389.74
TXN-00047473,CUST-005981,2024-10-12,25585.7,Purchase,Mobile Banking,Retail / General Merchandise,Costco,Premium,1,Authorised Push Payment,95,29.08,95.57,72.1,VERY HIGH,5,Yellow,1,0,0,-52016.08,25585.7,26864.99
TXN-00047597,CUST-004187,2024-09-05,806.04,Transfer,Internet Banking,Electronics & Technology,Flipkart,Retail,1,Account Takeover,100,26.95,92.13,72.07,VERY HIGH,5,Yellow,1,0,0,-1651.2,806.04,846.34
TXN-00020633,CUST-000572,2024-05-03,97802.76,Transfer,ATM,Healthcare & Pharmacy,Walgreens,SME,1,Card Not Present Fraud,93,29.08,97.76,72.06,VERY HIGH,5,Yellow,1,0,0,-200300.21,97802.76,102692.9
TXN-00033276,CUST-005420,2023-12-14,2805.26,Payment,Mobile Banking,Utilities & Telecom,AT&T,Retail,1,Synthetic Identity,100,26.95,92.03,72.04,VERY HIGH,5,Yellow,1,0,0,-2948.62,0.0,2945.52
TXN-00040620,CUST-005912,2024-02-13,1934.81,Transfer,USSD,Grocery & Supermarkets,Kroger,Student,1,Mule Account,89,37.59,92.42,72.03,VERY HIGH,7,Yellow,0,0,0,-1931.22,1934.81,0.0
TXN-00016902,CUST-003371,2023-10-22,2914.35,Transfer,ATM,Grocery & Supermarkets,Whole Foods,Retail,1,Mule Account,99,26.95,93.16,72.03,VERY HIGH,5,Yellow,1,0,0,-5969.01,2914.35,3060.07
TXN-00035984,CUST-005067,2023-10-15,219.15,Reversal,POS Terminal,Financial Services / Money Transfer,Western Union,Premium,1,Mule Account,100,25.53,93.61,72.02,VERY HIGH,5,Yellow,1,0,1,-449.98,219.15,230.11
TXN-00035367,CUST-004123,2023-06-30,77266.55,Deposit,USSD,Retail / General Merchandise,Costco,Private Banking,1,Mule Account,97,25.53,97.12,72.02,VERY HIGH,5,Yellow,1,0,0,-158551.32,77266.55,81129.88
TXN-00048002,CUST-005450,2023-05-06,4455.85,Refund,ATM,Healthcare & Pharmacy,Apollo Pharmacy,Retail,1,First Party Fraud,91,34.75,93.36,72.02,VERY HIGH,6,Yellow,1,1,0,-5356.35,0.0,4678.64
TXN-00026001,CUST-006533,2024-03-06,459.21,Transfer,Mobile Banking,Restaurants & Food Delivery,Domino's,Student,1,First Party Fraud,100,26.24,92.74,72.01,VERY HIGH,5,Yellow,1,1,0,-1009.68,459.21,482.17
TXN-00019548,CUST-000580,2023-04-30,10558.68,Card Not Present,USSD,Electronics & Technology,Samsung,Retail,1,Friendly Fraud,90,35.46,93.63,72.0,VERY HIGH,7,Yellow,0,0,0,-0.12,0.0,0.0
TXN-00003712,CUST-005057,2023-08-27,18832.05,Chargeback,Call Centre,Real Estate,Century 21,Retail,1,Phishing,89,35.46,94.75,71.99,VERY HIGH,7,Yellow,0,0,0,-18870.03,18832.05,0.0
TXN-00033594,CUST-000376,2024-10-07,3118.3,Purchase,ATM,Grocery & Supermarkets,Sainsbury's,Retail,1,Mule Account,99,26.95,92.97,71.97,VERY HIGH,5,Yellow,1,0,0,-3221.41,0.0,3274.22
TXN-00027020,CUST-007481,2023-12-31,1289.89,Purchase,Branch,Financial Services / Money Transfer,PayPal,Retail,1,Card Not Present Fraud,95,31.91,91.85,71.97,VERY HIGH,6,Yellow,1,0,0,-1332.57,0.0,1354.38
TXN-00037612,CUST-000481,2023-08-21,16988.18,Purchase,Internet Banking,Retail / General Merchandise,Costco,Premium,1,SIM Swap,97,26.24,96.06,71.95,VERY HIGH,5,Yellow,1,1,0,-37085.64,16988.18,17837.59
TXN-00044435,CUST-002716,2023-11-21,1270.03,Deposit,Internet Banking,Financial Services / Money Transfer,Wise,Retail,1,Identity Theft,90,35.46,93.42,71.94,VERY HIGH,7,Yellow,1,0,0,-2606.25,1270.03,1333.53
TXN-00009780,CUST-004994,2023-01-05,57542.2,Deposit,API/Open Banking,Fuel & Petroleum,TotalEnergies,Premium,1,SIM Swap,86,37.59,95.59,71.93,VERY HIGH,7,Yellow,0,1,0,-8746.8,0.0,0.0
TXN-00013424,CUST-003386,2024-05-29,224993.39,Purchase,ATM,Government & Taxes,HMRC,Corporate,1,Phishing,100,20.57,99.09,71.93,VERY HIGH,4,Yellow,1,0,0,-460224.13,224993.39,236243.06
TXN-00031119,CUST-006421,2024-08-11,1372.5,Transfer,ATM,Financial Services / Money Transfer,Western Union,NRI / Diaspora,1,Mule Account,94,31.91,92.84,71.92,VERY HIGH,6,Yellow,1,0,0,-1438.8,0.0,1441.12
TXN-00023163,CUST-003725,2024-11-18,811.5,Purchase,Call Centre,Financial Services / Money Transfer,Western Union,Retail,1,Authorised Push Payment,100,26.24,92.44,71.92,VERY HIGH,5,Yellow,1,0,1,-1650.14,811.5,852.08
TXN-00049124,CUST-002919,2024-02-17,4408.71,Withdrawal,API/Open Banking,Fuel & Petroleum,Shell,Retail,1,Identity Theft,88,37.59,93.19,71.91,VERY HIGH,7,Yellow,0,0,0,-4413.34,4408.71,0.0
TXN-00044400,CUST-007419,2023-04-19,7681.88,Purchase,Mobile Banking,Fuel & Petroleum,Chevron,Retail,1,Card Not Present Fraud,92,32.62,94.3,71.91,VERY HIGH,6,Yellow,1,0,0,-15617.6,7681.88,8065.97
TXN-00015546,CUST-004267,2023-12-25,41328.19,Wire Transfer,POS Terminal,Hotels & Accommodation,Hilton,Premium,1,Card Not Present Fraud,91,32.62,95.3,71.86,VERY HIGH,6,Yellow,1,0,0,-43188.37,0.0,43394.6
TXN-00017175,CUST-005770,2024-05-30,2664.04,Wire Transfer,USSD,Online Marketplaces,Alibaba,Student,1,Identity Theft,92,33.33,93.29,71.85,VERY HIGH,6,Yellow,1,0,0,-5448.36,2664.04,2797.24
TXN-00006935,CUST-006297,2024-09-05,3055.19,Interest Credit,Mobile Banking,Retail / General Merchandise,Costco,Retail,1,Authorised Push Payment,99,26.95,92.57,71.85,VERY HIGH,5,Yellow,1,0,0,-6269.66,3055.19,3207.95
TXN-00000983,CUST-001834,2023-09-26,100149.08,Withdrawal,Mobile Banking,Healthcare & Pharmacy,Walgreens,SME,1,SIM Swap,93,29.08,97.09,71.85,VERY HIGH,5,Yellow,1,0,0,-205406.1,100149.08,105156.53
TXN-00010763,CUST-001641,2024-04-20,13938.33,Deposit,POS Terminal,Healthcare & Pharmacy,Boots,Premium,1,SIM Swap,100,24.82,93.82,71.83,VERY HIGH,5,Yellow,1,0,0,-14663.35,0.0,14635.25
TXN-00040956,CUST-005345,2024-04-08,1049.01,Transfer,POS Terminal,Grocery & Supermarkets,Tesco,Student,1,Account Takeover,99,26.95,92.41,71.81,VERY HIGH,5,Yellow,1,0,0,-1099.83,0.0,1101.46
TXN-00028088,CUST-006392,2024-11-09,5520.08,Chargeback,USSD,Grocery & Supermarkets,Tesco,Retail,1,Authorised Push Payment,89,36.88,92.48,71.8,VERY HIGH,7,Yellow,1,0,0,-5807.26,0.0,5796.08
TXN-00021196,CUST-007319,2024-08-28,5020.34,Purchase,Internet Banking,Fuel & Petroleum,Chevron,Retail,1,Phishing,93,32.62,92.79,71.8,VERY HIGH,6,Yellow,1,0,0,-5186.12,0.0,5271.36
TXN-00035733,CUST-003737,2023-08-17,13150.51,Deposit,ATM,Gaming & Gambling,Unibet,Private Banking,1,Authorised Push Payment,94,29.79,94.91,71.8,VERY HIGH,6,Yellow,1,0,0,-26985.1,13150.51,13808.04
TXN-00002857,CUST-003461,2024-05-11,6261.27,Transfer,ATM,Healthcare & Pharmacy,Walgreens,Retail,1,Identity Theft,93,32.62,92.75,71.79,VERY HIGH,6,Yellow,1,0,0,-6562.21,0.0,6574.33
TXN-00035608,CUST-004500,2024-03-29,4057.03,Purchase,POS Terminal,Online Marketplaces,Lazada,Retail,1,Friendly Fraud,100,24.82,93.66,71.78,VERY HIGH,5,Yellow,1,0,0,-4191.37,0.0,4259.88
TXN-00000187,CUST-002890,2023-09-13,208213.83,Purchase,Mobile Banking,Electronics & Technology,Samsung,Corporate,1,Synthetic Identity,100,20.57,98.61,71.78,VERY HIGH,4,Yellow,1,0,0,-215085.01,0.0,218624.52
TXN-00025506,CUST-005849,2024-01-03,17002.54,Transfer,API/Open Banking,Retail / General Merchandise,Best Buy,Retail,1,Mule Account,90,33.33,95.36,71.77,VERY HIGH,6,Yellow,1,0,0,-34821.68,17002.54,17852.67
TXN-00040495,CUST-002170,2023-09-23,2063.48,Transfer,Internet Banking,Utilities & Telecom,Vodafone,Retail,1,Account Takeover,100,26.24,91.97,71.77,VERY HIGH,5,Yellow,0,0,0,-2059.56,2063.48,0.0
TXN-00049035,CUST-000631,2023-04-09,20667.43,Purchase,Internet Banking,Restaurants & Food Delivery,Uber Eats,SME,1,Account Takeover,100,24.11,94.39,71.76,VERY HIGH,5,Yellow,1,0,0,-21349.93,0.0,21700.8
TXN-00000757,CUST-006061,2024-06-29,7038.82,Purchase,API/Open Banking,Fuel & Petroleum,Shell,Retail,1,SIM Swap,92,33.33,92.95,71.75,VERY HIGH,6,Yellow,1,0,0,-7271.46,0.0,7390.76
TXN-00017353,CUST-001483,2024-05-05,30724.39,Deposit,ATM,Retail / General Merchandise,Best Buy,Premium,1,Friendly Fraud,95,29.08,94.41,71.75,VERY HIGH,5,Yellow,1,0,0,-32322.37,0.0,32260.61
TXN-00001782,CUST-003068,2023-03-06,3206.55,Refund,Internet Banking,Travel & Airlines,British Airways,Student,1,Phishing,89,34.75,94.74,71.73,VERY HIGH,6,Yellow,1,1,0,-7061.24,3206.55,3366.88
TXN-00020903,CUST-001935,2024-11-18,240493.13,Deposit,Mobile Banking,Electronics & Technology,Apple Store,Private Banking,1,Synthetic Identity,88,33.33,97.53,71.72,VERY HIGH,6,Yellow,0,0,0,-240974.41,240493.13,0.0
TXN-00004023,CUST-007382,2024-09-30,4339.36,Fee Charge,Branch,Grocery & Supermarkets,Whole Foods,Retail,1,Phishing,97,26.95,94.4,71.7,VERY HIGH,5,Yellow,1,0,0,-8904.81,4339.36,4556.33
TXN-00022295,CUST-005998,2023-12-11,50010.46,Wire Transfer,Mobile Banking,Retail / General Merchandise,Amazon,SME,1,SIM Swap,100,22.7,95.86,71.7,VERY HIGH,4,Yellow,1,0,1,-52261.38,0.0,52510.98
TXN-00039194,CUST-000345,2023-09-10,5052.38,Refund,USSD,Education,Coursera,Retail,1,Mule Account,86,37.59,94.73,71.68,VERY HIGH,7,Yellow,0,1,0,-5820.79,5052.38,0.0
TXN-00004083,CUST-003231,2023-01-09,11907.76,Fee Charge,Mobile Banking,Financial Services / Money Transfer,Remitly,Premium,1,Mule Account,100,25.53,92.42,71.66,VERY HIGH,5,Yellow,0,0,0,-11931.86,11907.76,0.0
TXN-00011546,CUST-000587,2024-11-19,6790.46,Transfer,API/Open Banking,Travel & Airlines,Emirates,Retail,1,Account Takeover,91,33.33,93.78,71.65,VERY HIGH,6,Yellow,1,0,0,-13907.02,6790.46,7129.98
TXN-00018819,CUST-005961,2023-12-09,19948.74,Withdrawal,Mobile Banking,Auto & Transportation,Uber,Retail,1,Authorised Push Payment,91,33.33,93.78,71.65,VERY HIGH,6,Yellow,0,0,0,-19968.83,19948.74,0.0
TXN-00022148,CUST-003446,2024-08-16,9444.94,Deposit,Mobile Banking,Retail / General Merchandise,Target,Premium,1,First Party Fraud,100,24.11,93.98,71.63,VERY HIGH,5,Yellow,1,0,0,-19381.39,9444.94,9917.19
TXN-00025585,CUST-001158,2023-12-26,736190.16,Payment,ATM,Grocery & Supermarkets,Whole Foods,Corporate,1,SIM Swap,91,29.08,98.64,71.62,VERY HIGH,5,Yellow,1,0,0,-1509926.37,736190.16,772999.67
TXN-00013925,CUST-006520,2023-07-13,2903.36,Transfer,Internet Banking,Travel & Airlines,British Airways,Retail,1,Phishing,99,26.24,92.63,71.62,VERY HIGH,5,Yellow,1,0,0,-5946.48,2903.36,3048.53
TXN-00040597,CUST-006301,2023-03-20,121936.16,Purchase,POS Terminal,Fuel & Petroleum,ExxonMobil,SME,1,Synthetic Identity,91,31.21,96.12,71.61,VERY HIGH,6,Yellow,0,0,0,2072.66,0.0,0.0
TXN-00049907,CUST-001284,2024-03-27,2858.5,Fee Charge,Internet Banking,Fuel & Petroleum,BP,Retail,1,Account Takeover,100,25.53,92.11,71.57,VERY HIGH,5,Yellow,0,0,0,-2864.41,2858.5,0.0
TXN-00036817,CUST-002944,2024-01-23,98777.53,Payment,POS Terminal,Electronics & Technology,Apple Store,SME,1,First Party Fraud,92,29.08,97.29,71.56,VERY HIGH,5,Yellow,1,0,0,-202593.03,98777.53,103716.41
TXN-00041328,CUST-007723,2024-11-18,13790.16,Deposit,ATM,Fuel & Petroleum,Chevron,Retail,1,SIM Swap,95,29.08,93.75,71.55,VERY HIGH,5,Yellow,1,0,0,-14507.52,0.0,14479.67
TXN-00046612,CUST-006152,2024-11-21,15759.49,Purchase,Internet Banking,Online Marketplaces,Etsy,Premium,1,Authorised Push Payment,94,28.37,95.74,71.55,VERY HIGH,5,Yellow,1,1,0,-34403.22,15759.49,16547.46
TXN-00003161,CUST-002934,2024-06-12,7734.13,Deposit,Mobile Banking,Travel & Airlines,Emirates,Premium,1,Mule Account,97,26.24,94.62,71.52,VERY HIGH,5,Yellow,1,0,0,-15870.62,7734.13,8120.84
TXN-00044845,CUST-007642,2023-05-18,10778.0,Transfer,Internet Banking,Travel & Airlines,United Airlines,Retail,1,Authorised Push Payment,89,34.75,93.98,71.51,VERY HIGH,6,Yellow,1,0,0,-22073.59,10778.0,11316.9
TXN-00047200,CUST-000042,2023-06-07,11294.2,Fee Charge,ATM,Retail / General Merchandise,Target,Premium,1,Account Takeover,97,26.95,93.76,71.51,VERY HIGH,5,Yellow,1,0,0,-23176.01,11294.2,11858.91
TXN-00006229,CUST-005573,2024-12-05,195144.93,Deposit,ATM,Grocery & Supermarkets,Tesco,Corporate,1,Account Takeover,100,20.57,97.57,71.47,VERY HIGH,4,Yellow,1,0,0,-205292.58,0.0,204902.18
TXN-00022819,CUST-002683,2024-08-03,2185.0,Transfer,Mobile Banking,Financial Services / Money Transfer,Remitly,Retail,1,Card Not Present Fraud,100,25.53,91.71,71.45,VERY HIGH,5,Yellow,0,0,0,-2181.0,2185.0,0.0
TXN-00020758,CUST-006474,2024-06-28,2214.95,Deposit,API/Open Banking,Healthcare & Pharmacy,Walgreens,Student,1,First Party Fraud,90,33.33,94.29,71.45,VERY HIGH,6,Yellow,1,0,0,-4545.58,2214.95,2325.7
TXN-00019670,CUST-000706,2023-08-26,38595.96,Refund,API/Open Banking,Travel & Airlines,United Airlines,NRI / Diaspora,1,Phishing,83,38.3,96.61,71.44,VERY HIGH,7,Yellow,0,1,0,-44462.72,38595.96,0.0
TXN-00027376,CUST-006391,2024-08-07,9292.87,Purchase,Branch,Entertainment & Streaming,Apple TV+,Retail,1,Identity Theft,95,29.08,93.35,71.43,VERY HIGH,5,Yellow,1,0,0,-9599.72,0.0,9757.51
TXN-00000655,CUST-000677,2023-01-29,1644.9,Purchase,ATM,Restaurants & Food Delivery,DoorDash,Retail,1,Account Takeover,98,26.95,92.33,71.43,VERY HIGH,5,Yellow,1,0,0,-1699.55,0.0,1727.15
TXN-00015348,CUST-004635,2023-09-11,31.91,Purchase,Branch,Financial Services / Money Transfer,Remitly,Retail,1,Friendly Fraud,96,29.79,91.29,71.41,VERY HIGH,6,Yellow,1,0,0,-65.29,31.91,33.51
TXN-00000548,CUST-006634,2023-12-28,8990.62,Transfer,Mobile Banking,Grocery & Supermarkets,Sainsbury's,Premium,1,First Party Fraud,100,24.11,93.22,71.4,VERY HIGH,5,Yellow,1,0,0,-9422.46,0.0,9440.15
TXN-00003361,CUST-004103,2024-06-02,16703.05,Withdrawal,Internet Banking,Fuel & Petroleum,BP,Premium,1,First Party Fraud,100,26.24,90.72,71.4,VERY HIGH,5,Yellow,0,0,0,-16.88,0.0,0.0
TXN-00029614,CUST-003939,2024-11-03,9959.16,Payment,Internet Banking,Restaurants & Food Delivery,DoorDash,Retail,1,Synthetic Identity,95,29.08,93.25,71.4,VERY HIGH,5,Yellow,1,0,0,-10467.34,0.0,10457.12
TXN-00026756,CUST-007464,2024-05-13,10190.68,Transfer,Internet Banking,Electronics & Technology,Samsung,Retail,1,Card Not Present Fraud,95,29.08,93.19,71.38,VERY HIGH,5,Yellow,1,0,0,-10680.3,0.0,10700.21
TXN-00001223,CUST-001815,2024-01-02,2677.64,Withdrawal,ATM,Financial Services / Money Transfer,Western Union,Retail,1,Phishing,99,26.95,90.97,71.37,VERY HIGH,5,Yellow,0,0,0,-2.79,0.0,0.0
TXN-00032252,CUST-007746,2024-09-17,7428.51,Purchase,Mobile Banking,Financial Services / Money Transfer,Wise,Premium,1,Synthetic Identity,100,24.11,93.09,71.37,VERY HIGH,5,Yellow,0,0,1,125.98,0.0,0.0
TXN-00029719,CUST-002086,2024-12-17,25183.8,Purchase,POS Terminal,Grocery & Supermarkets,Kroger,Premium,1,Friendly Fraud,94,29.08,94.31,71.37,VERY HIGH,5,Yellow,1,0,0,-26015.22,0.0,26442.99
TXN-00001372,CUST-006148,2024-09-19,8980.63,Refund,Call Centre,Retail / General Merchandise,Costco,Premium,1,Identity Theft,92,31.21,94.14,71.37,VERY HIGH,6,Yellow,0,1,1,-1365.42,0.0,0.0
TXN-00026509,CUST-004856,2024-09-29,3314.73,Transfer,POS Terminal,Grocery & Supermarkets,Sainsbury's,Retail,1,Identity Theft,100,24.11,93.07,71.36,VERY HIGH,5,Yellow,1,0,0,-6788.7,3314.73,3480.47
TXN-00043486,CUST-001623,2023-01-28,23229.31,Withdrawal,ATM,Grocery & Supermarkets,Tesco,Premium,1,SIM Swap,94,29.08,94.28,71.36,VERY HIGH,5,Yellow,1,0,0,-24414.32,0.0,24390.78
TXN-00010707,CUST-006982,2024-04-15,5924.38,Reversal,Internet Banking,Luxury Goods,Rolex,Premium,1,Authorised Push Payment,92,31.91,93.27,71.35,VERY HIGH,6,Yellow,1,0,1,-12157.24,5924.38,6220.6
TXN-00032295,CUST-002443,2023-01-16,355613.47,Transfer,Mobile Banking,Restaurants & Food Delivery,DoorDash,SME,1,Card Not Present Fraud,90,29.08,98.83,71.33,VERY HIGH,5,Yellow,1,0,0,-728296.58,355613.47,373394.14
TXN-00047847,CUST-006806,2024-05-10,43317.22,Deposit,API/Open Banking,Utilities & Telecom,Comcast,SME,1,Synthetic Identity,91,31.21,95.2,71.33,VERY HIGH,6,Yellow,0,0,0,-43404.27,43317.22,0.0
TXN-00037098,CUST-007500,2024-03-15,306056.27,Refund,Mobile Banking,Restaurants & Food Delivery,Domino's,Private Banking,1,Card Not Present Fraud,87,31.91,99.01,71.32,VERY HIGH,6,Yellow,0,1,0,-352577.17,306056.27,0.0
TXN-00015994,CUST-001753,2023-02-03,1054.01,Payment,Mobile Banking,Utilities & Telecom,Verizon,Retail,1,Friendly Fraud,100,24.11,92.83,71.29,VERY HIGH,5,Yellow,1,0,0,-1108.19,0.0,1106.71
TXN-00024552,CUST-001797,2023-07-27,3025.79,Purchase,Mobile Banking,Grocery & Supermarkets,Whole Foods,SME,1,Authorised Push Payment,97,29.08,90.54,71.29,VERY HIGH,6,Yellow,1,0,0,-3126.05,0.0,3177.08
TXN-00036645,CUST-007075,2023-03-10,8116.85,Deposit,Mobile Banking,Hotels & Accommodation,IHG,Premium,1,SIM Swap,99,24.11,93.99,71.29,VERY HIGH,5,Yellow,1,0,0,-16655.97,8116.85,8522.69
TXN-00038961,CUST-006860,2024-12-08,14525.76,Deposit,Mobile Banking,Fuel & Petroleum,TotalEnergies,Premium,1,Authorised Push Payment,97,26.95,92.98,71.28,VERY HIGH,5,Yellow,1,0,0,-15281.37,0.0,15252.05
TXN-00011795,CUST-006259,2024-02-27,209609.03,Transfer,POS Terminal,Government & Taxes,Council Tax,Corporate,1,Mule Account,100,20.57,96.84,71.25,VERY HIGH,4,Yellow,1,0,0,-219670.65,0.0,220089.48
TXN-00008722,CUST-004349,2024-03-03,462428.83,Purchase,Mobile Banking,Healthcare & Pharmacy,Apollo Pharmacy,Corporate,1,SIM Swap,89,31.21,97.2,71.23,VERY HIGH,6,Yellow,0,0,0,7861.12,0.0,0.0
TXN-00009735,CUST-007334,2023-08-09,11666.91,Chargeback,Mobile Banking,Restaurants & Food Delivery,Uber Eats,Premium,1,Mule Account,97,26.24,93.67,71.23,VERY HIGH,5,Yellow,0,0,0,-11690.69,11666.91,0.0
TXN-00038359,CUST-002803,2023-06-24,7894.1,Withdrawal,Mobile Banking,Electronics & Technology,Samsung,Student,1,Account Takeover,87,36.17,93.69,71.22,VERY HIGH,7,Yellow,0,0,0,-7902.28,7894.1,0.0
TXN-00002692,CUST-002650,2023-12-01,43048.41,Purchase,USSD,Restaurants & Food Delivery,McDonald's,Premium,1,Authorised Push Payment,90,31.91,95.17,71.22,VERY HIGH,6,Yellow,0,0,0,-42316.96,43048.41,0.0
TXN-00048353,CUST-001372,2024-12-20,2584.85,Transfer,Branch,Auto & Transportation,National Car,Retail,1,Card Not Present Fraud,100,24.11,92.57,71.21,VERY HIGH,5,Yellow,1,0,0,-2709.17,0.0,2714.09
TXN-00003249,CUST-003036,2023-08-23,10586.72,Payment,API/Open Banking,Grocery & Supermarkets,Tesco,Retail,1,Identity Theft,87,36.17,93.59,71.19,VERY HIGH,7,Yellow,0,0,0,-10597.69,10586.72,0.0
TXN-00031483,CUST-002191,2024-05-23,6414.16,Deposit,Branch,Hotels & Accommodation,Hyatt,Retail,1,Phishing,91,32.62,93.07,71.19,VERY HIGH,6,Yellow,1,0,0,-6748.1,0.0,6734.87
TXN-00026998,CUST-000706,2024-04-29,47015.3,Wire Transfer,Internet Banking,Electronics & Technology,Samsung,NRI / Diaspora,1,Friendly Fraud,86,36.17,94.74,71.18,VERY HIGH,7,Yellow,0,0,0,234.76,0.0,0.0
TXN-00024013,CUST-001141,2023-05-16,73365.84,Purchase,Internet Banking,Financial Services / Money Transfer,Western Union,Corporate,1,Phishing,88,31.21,98.15,71.17,VERY HIGH,6,Yellow,1,0,0,-149153.06,73365.84,77034.13
TXN-00027826,CUST-003043,2023-12-21,1983.15,Purchase,ATM,Online Marketplaces,Lazada,Retail,1,Synthetic Identity,99,24.11,93.57,71.16,VERY HIGH,5,Yellow,1,0,0,-4032.17,1983.15,2082.31
TXN-00006653,CUST-002634,2023-07-09,1503.45,Wire Transfer,POS Terminal,Financial Services / Money Transfer,Remitly,Retail,1,Friendly Fraud,100,25.53,90.72,71.15,VERY HIGH,5,Yellow,0,0,0,-1496.34,1503.45,0.0
TXN-00023210,CUST-004085,2024-05-10,154.49,Purchase,ATM,Financial Services / Money Transfer,MoneyGram,Retail,1,Mule Account,95,29.79,91.58,71.15,VERY HIGH,6,Yellow,1,0,0,-159.71,0.0,162.21
TXN-00048930,CUST-006094,2023-03-13,27518.78,Purchase,Internet Banking,Retail / General Merchandise,Target,Premium,1,First Party Fraud,93,29.08,94.74,71.15,VERY HIGH,5,Yellow,1,0,0,-28427.07,0.0,28894.72
TXN-00003796,CUST-001161,2023-10-13,193767.4,Payment,ATM,Utilities & Telecom,Comcast,Corporate,1,Card Not Present Fraud,99,20.57,97.63,71.14,VERY HIGH,4,Yellow,1,0,0,-203649.84,0.0,203455.77
TXN-00003403,CUST-007731,2024-07-04,25999.03,Withdrawal,API/Open Banking,Fuel & Petroleum,ExxonMobil,Premium,1,Identity Theft,90,31.21,95.64,71.12,VERY HIGH,6,Yellow,1,0,0,-53324.19,25999.03,27298.98
TXN-00047311,CUST-007212,2024-09-13,2082.18,Purchase,Internet Banking,Online Marketplaces,Alibaba,Retail,1,SIM Swap,97,26.95,92.47,71.12,VERY HIGH,5,Yellow,1,0,0,-2151.23,0.0,2186.29
TXN-00047210,CUST-006808,2024-06-20,932.27,Refund,Mobile Banking,Financial Services / Money Transfer,Wise,Retail,1,SIM Swap,91,31.91,93.67,71.12,VERY HIGH,6,Yellow,1,1,0,-2053.27,932.27,978.88
TXN-00045581,CUST-007076,2024-08-13,3588.16,Transfer,Internet Banking,Restaurants & Food Delivery,McDonald's,Retail,1,SIM Swap,97,26.95,92.46,71.12,VERY HIGH,5,Yellow,1,0,0,-7348.71,3588.16,3767.57
TXN-00016669,CUST-006986,2024-05-26,6653.98,Transfer,Mobile Banking,Travel & Airlines,Lufthansa,Retail,1,Identity Theft,89,34.75,92.69,71.12,VERY HIGH,6,Yellow,1,0,0,-6973.62,0.0,6986.68
TXN-00012975,CUST-003680,2023-09-21,6252.31,Payment,POS Terminal,Grocery & Supermarkets,Tesco,Retail,1,Account Takeover,91,32.62,92.8,71.11,VERY HIGH,6,Yellow,1,0,0,-6571.38,0.0,6564.93
TXN-00004273,CUST-004177,2023-02-19,1718.86,Payment,USSD,Financial Services / Money Transfer,MoneyGram,Premium,1,Phishing,92,31.91,92.48,71.11,VERY HIGH,6,Yellow,1,0,0,-3525.84,1718.86,1804.8
TXN-00036611,CUST-004677,2024-02-04,2114.12,Payment,ATM,Electronics & Technology,Best Buy,Retail,1,Mule Account,100,24.11,92.2,71.1,VERY HIGH,5,Yellow,1,0,0,-2222.12,0.0,2219.83
TXN-00042215,CUST-002091,2024-01-19,97483.69,Withdrawal,API/Open Banking,Grocery & Supermarkets,ALDI,SME,1,Friendly Fraud,85,35.46,96.42,71.09,VERY HIGH,7,Yellow,0,0,0,-97581.48,97483.69,0.0
TXN-00017810,CUST-001507,2023-06-28,12390.92,Purchase,ATM,Restaurants & Food Delivery,Uber Eats,Premium,1,Friendly Fraud,100,21.99,94.63,71.09,VERY HIGH,4,Yellow,1,0,0,-25191.07,12390.92,13010.47
TXN-00014545,CUST-002655,2023-06-29,91709.62,Transfer,Mobile Banking,Online Marketplaces,eBay,SME,1,Phishing,90,29.08,98.02,71.08,VERY HIGH,5,Yellow,1,1,0,-201578.14,91709.62,96295.1
TXN-00014198,CUST-002145,2024-11-17,35006.77,Purchase,ATM,Financial Services / Money Transfer,Western Union,Premium,1,First Party Fraud,87,34.75,94.87,71.07,VERY HIGH,6,Yellow,0,0,0,-34412.11,35006.77,0.0
TXN-00030557,CUST-007219,2024-10-14,502.44,Purchase,ATM,Online Marketplaces,Alibaba,Student,1,Friendly Fraud,100,23.4,92.92,71.07,VERY HIGH,5,Yellow,1,0,0,-519.28,0.0,527.56
TXN-00029589,CUST-005016,2024-11-06,6289.99,Transfer,Mobile Banking,Grocery & Supermarkets,Tesco,Retail,1,Authorised Push Payment,90,32.62,93.8,71.06,VERY HIGH,6,Yellow,1,0,0,-12882.03,6289.99,6604.49
TXN-00020583,CUST-007228,2024-11-21,4338.7,Reversal,Internet Banking,Restaurants & Food Delivery,McDonald's,Retail,1,Identity Theft,97,26.24,93.08,71.06,VERY HIGH,5,Yellow,1,0,1,-4564.81,0.0,4555.64
TXN-00042880,CUST-003430,2023-04-13,4359.04,Wire Transfer,Mobile Banking,Gaming & Gambling,Steam,Premium,1,Phishing,91,31.91,93.46,71.06,VERY HIGH,6,Yellow,1,0,0,-8914.54,4359.04,4576.99
TXN-00021154,CUST-006462,2024-07-22,43861.88,Purchase,Mobile Banking,Grocery & Supermarkets,ALDI,Private Banking,1,Mule Account,100,20.57,96.16,71.05,VERY HIGH,4,Yellow,1,0,0,-45309.68,0.0,46054.97
TXN-00047434,CUST-003445,2024-04-11,7123.4,Transfer,Internet Banking,Retail / General Merchandise,Target,NRI / Diaspora,1,Friendly Fraud,98,25.53,92.69,71.04,VERY HIGH,5,Yellow,1,0,0,-7465.58,0.0,7479.57
TXN-00028014,CUST-004821,2023-11-07,12279.41,Purchase,ATM,Real Estate,Zillow Rental,Retail,1,First Party Fraud,90,33.33,92.9,71.04,VERY HIGH,6,Yellow,0,0,0,208.28,0.0,0.0
TXN-00021133,CUST-006349,2023-12-16,15758.96,Card Not Present,ATM,Crypto Exchanges,Kraken,Premium,1,SIM Swap,97,26.95,92.19,71.04,VERY HIGH,5,Yellow,0,0,0,-0.32,0.0,0.0
TXN-00008907,CUST-000772,2024-03-20,1230136.56,Withdrawal,Internet Banking,Fuel & Petroleum,ExxonMobil,Corporate,1,Synthetic Identity,91,27.66,98.33,71.03,VERY HIGH,5,Yellow,0,0,0,-1231367.07,1230136.56,0.0
TXN-00019391,CUST-005428,2023-07-10,3017.45,Transfer,Internet Banking,Financial Services / Money Transfer,Remitly,Retail,1,Card Not Present Fraud,99,26.95,89.79,71.02,VERY HIGH,5,Yellow,0,0,0,5.81,0.0,0.0
TXN-00016360,CUST-006590,2024-04-23,10552.55,Transfer,Mobile Banking,Financial Services / Money Transfer,Western Union,SME,1,Identity Theft,91,31.91,93.33,71.02,VERY HIGH,6,Yellow,1,0,0,-21611.76,10552.55,11080.18
TXN-00034194,CUST-003144,2023-03-18,83177.97,Interest Credit,Mobile Banking,Online Marketplaces,Flipkart,Premium,1,Account Takeover,89,31.21,96.48,71.02,VERY HIGH,6,Yellow,0,0,0,-83344.64,83177.97,0.0
TXN-00007032,CUST-007057,2023-02-22,76280.3,Transfer,Mobile Banking,Financial Services / Money Transfer,Remitly,SME,1,Card Not Present Fraud,90,32.62,93.63,71.01,VERY HIGH,6,Yellow,0,0,0,152.3,0.0,0.0
TXN-00009690,CUST-007873,2023-01-31,4624.0,Refund,Mobile Banking,Retail / General Merchandise,Target,Student,1,Synthetic Identity,89,33.33,93.97,71.01,VERY HIGH,6,Yellow,0,1,0,-703.07,0.0,0.0
TXN-00019721,CUST-005902,2023-11-09,62841.1,Withdrawal,Mobile Banking,Retail / General Merchandise,Best Buy,Premium,1,Authorised Push Payment,92,29.08,95.36,70.99,VERY HIGH,5,Yellow,1,0,0,-66046.2,0.0,65983.15
TXN-00047216,CUST-004654,2024-02-13,377003.95,Transfer,Mobile Banking,Restaurants & Food Delivery,Uber Eats,Corporate,1,Account Takeover,92,26.24,98.65,70.98,VERY HIGH,5,Yellow,1,0,0,-772104.44,377003.95,395854.15
TXN-00018187,CUST-006598,2024-02-19,12556.84,Payment,Mobile Banking,Government & Taxes,DMV,Retail,1,Account Takeover,94,29.08,92.97,70.97,VERY HIGH,5,Yellow,1,0,0,-13197.55,0.0,13184.68
TXN-00041975,CUST-003404,2024-03-30,5945.96,Wire Transfer,Mobile Banking,Retail / General Merchandise,Walmart,Retail,1,Card Not Present Fraud,90,32.62,93.44,70.95,VERY HIGH,6,Yellow,1,0,0,-12159.74,5945.96,6243.26
TXN-00004988,CUST-003329,2024-03-24,11799.68,Payment,Mobile Banking,Insurance,Allstate,Retail,1,First Party Fraud,94,29.08,92.92,70.95,VERY HIGH,5,Yellow,1,0,0,-12401.85,0.0,12389.66
TXN-00038975,CUST-005900,2024-03-21,43210.9,Transfer,ATM,Education,Khan Academy,Premium,1,Friendly Fraud,92,29.08,95.15,70.92,VERY HIGH,5,Yellow,1,0,0,-45285.47,0.0,45371.45
TXN-00015639,CUST-001102,2024-01-17,113.54,Deposit,ATM,Financial Services / Money Transfer,PayPal,Student,1,Identity Theft,95,29.79,90.78,70.91,VERY HIGH,6,Yellow,1,0,0,-119.87,0.0,119.22
TXN-00044743,CUST-000559,2024-10-25,74880.56,Transfer,POS Terminal,Retail / General Merchandise,Costco,SME,1,Account Takeover,87,33.33,95.98,70.91,VERY HIGH,6,Yellow,0,0,0,-74731.08,74880.56,0.0
TXN-00008129,CUST-000483,2024-07-18,51815.9,Withdrawal,API/Open Banking,Education,Khan Academy,Premium,1,Mule Account,90,31.91,94.08,70.89,VERY HIGH,6,Yellow,0,0,0,-52.32,0.0,0.0
TXN-00045995,CUST-000404,2024-01-07,822629.62,Wire Transfer,USSD,Healthcare & Pharmacy,Boots,Corporate,1,Synthetic Identity,86,31.91,98.71,70.88,VERY HIGH,6,Yellow,0,0,0,-818516.96,822629.62,0.0
TXN-00036689,CUST-002348,2024-07-12,6169.35,Transfer,Branch,Auto & Transportation,National Car,Retail,1,Phishing,91,31.21,93.69,70.88,VERY HIGH,6,Yellow,0,0,0,-6157.32,6169.35,0.0
TXN-00016821,CUST-003759,2024-11-15,1175.6,Purchase,Mobile Banking,Utilities & Telecom,Verizon,Retail,1,Phishing,100,23.4,92.28,70.87,VERY HIGH,5,Yellow,1,0,0,-1229.39,0.0,1234.38
TXN-00005570,CUST-001573,2024-09-14,75861.33,Card Not Present,Mobile Banking,Fuel & Petroleum,Chevron,SME,1,SIM Swap,91,31.21,93.65,70.87,VERY HIGH,6,Yellow,0,0,0,-0.11,0.0,0.0
TXN-00042173,CUST-004047,2023-09-11,1795.77,Payment,Branch,Gaming & Gambling,FanDuel,Retail,1,Friendly Fraud,98,26.95,90.46,70.87,VERY HIGH,5,Yellow,0,0,0,-2.29,0.0,0.0
TXN-00017438,CUST-006900,2024-11-18,8541.58,Transfer,USSD,Utilities & Telecom,Comcast,Retail,1,Identity Theft,86,37.59,92.02,70.86,VERY HIGH,7,Yellow,0,0,0,16.75,0.0,0.0
TXN-00000624,CUST-006805,2023-06-12,6841.3,Refund,Branch,Entertainment & Streaming,YouTube Premium,Retail,1,Card Not Present Fraud,88,33.33,94.64,70.86,VERY HIGH,6,Yellow,0,1,0,-7881.59,6841.3,0.0
TXN-00025707,CUST-005581,2023-04-01,9825.05,Deposit,Branch,Retail / General Merchandise,Target,Retail,1,Identity Theft,89,32.62,94.23,70.84,VERY HIGH,6,Yellow,1,0,0,-20161.46,9825.05,10316.3
TXN-00013595,CUST-002936,2024-06-23,3481.47,Withdrawal,API/Open Banking,Online Marketplaces,Alibaba,Retail,1,First Party Fraud,92,30.5,93.17,70.83,VERY HIGH,6,Yellow,1,0,0,-3659.49,0.0,3655.54
TXN-00015706,CUST-002826,2024-05-06,356600.16,Interest Credit,Mobile Banking,Restaurants & Food Delivery,McDonald's,Corporate,1,Phishing,97,21.28,98.11,70.83,VERY HIGH,4,Yellow,1,0,0,-375143.54,0.0,374430.17
TXN-00036091,CUST-004866,2023-01-10,41146.47,Transfer,Branch,Fuel & Petroleum,ExxonMobil,Premium,1,Synthetic Identity,85,36.88,93.92,70.83,VERY HIGH,7,Yellow,0,0,0,81.79,0.0,0.0
TXN-00041407,CUST-004517,2023-04-09,22642.11,Purchase,Mobile Banking,Retail / General Merchandise,Target,Premium,1,First Party Fraud,91,29.08,96.02,70.83,VERY HIGH,5,Yellow,1,0,0,-46031.71,22642.11,23774.22
TXN-00027972,CUST-003397,2024-01-16,612453.16,Payment,Mobile Banking,Hotels & Accommodation,Hilton,Corporate,1,Account Takeover,90,29.08,97.17,70.83,VERY HIGH,5,Yellow,1,0,0,-643688.7,0.0,643075.82
TXN-00045161,CUST-007441,2024-04-17,100036.93,Refund,ATM,Auto & Transportation,Lyft,Premium,1,Mule Account,87,33.33,95.69,70.82,VERY HIGH,6,Yellow,0,1,0,-15205.87,0.0,0.0
TXN-00048932,CUST-004840,2024-01-01,3914.17,Transfer,Mobile Banking,Gaming & Gambling,Unibet,Retail,1,Mule Account,93,30.5,91.96,70.81,VERY HIGH,6,Yellow,0,0,0,7.63,0.0,0.0
TXN-00042183,CUST-006908,2023-10-24,91682.76,Withdrawal,Mobile Banking,Fuel & Petroleum,Chevron,SME,1,SIM Swap,90,31.21,94.58,70.8,VERY HIGH,6,Yellow,0,0,0,-91.79,0.0,0.0
TXN-00008259,CUST-001853,2024-08-30,430763.96,Transfer,Internet Banking,Online Marketplaces,Alibaba,Corporate,1,SIM Swap,87,31.21,98.04,70.79,VERY HIGH,6,Yellow,0,0,0,-429902.84,430763.96,0.0
TXN-00049049,CUST-003464,2024-01-14,3667.83,Transfer,Mobile Banking,Restaurants & Food Delivery,Starbucks,Premium,1,Synthetic Identity,96,25.53,94.11,70.77,VERY HIGH,5,Yellow,1,0,0,-7512.0,3667.83,3851.22
TXN-00008966,CUST-004230,2023-01-01,10241.01,Refund,Internet Banking,Fuel & Petroleum,ExxonMobil,Retail,1,SIM Swap,88,33.33,94.32,70.76,VERY HIGH,6,Yellow,0,1,0,-11797.9,10241.01,0.0
TXN-00036630,CUST-002506,2024-12-22,1411.83,Deposit,Branch,Grocery & Supermarkets,ALDI,Retail,1,Identity Theft,98,24.11,93.3,70.73,VERY HIGH,5,Yellow,1,0,0,-2897.35,1411.83,1482.42
TXN-00016397,CUST-002730,2024-01-23,17707.16,Transfer,Mobile Banking,Financial Services / Money Transfer,Remitly,Premium,1,Authorised Push Payment,97,26.95,91.16,70.73,VERY HIGH,5,Yellow,0,0,0,35.04,0.0,0.0
TXN-00030528,CUST-002760,2024-07-20,5810.13,Transfer,Mobile Banking,Fuel & Petroleum,ExxonMobil,Retail,1,Identity Theft,94,29.08,92.13,70.72,VERY HIGH,5,Yellow,1,0,0,-6089.13,0.0,6100.64
TXN-00036119,CUST-003560,2024-08-02,33185.81,Fee Charge,Internet Banking,Grocery & Supermarkets,Whole Foods,Premium,1,Account Takeover,92,29.08,94.39,70.69,VERY HIGH,5,Yellow,1,0,0,-34911.7,0.0,34845.1
TXN-00037864,CUST-000744,2024-09-19,68277.88,Purchase,Mobile Banking,Gaming & Gambling,Steam,Premium,1,Mule Account,90,29.08,96.72,70.69,VERY HIGH,5,Yellow,0,0,0,-67117.33,68277.88,0.0
TXN-00004922,CUST-001128,2023-02-26,252.03,Purchase,ATM,Entertainment & Streaming,Disney+,Retail,1,SIM Swap,94,29.08,91.95,70.66,VERY HIGH,6,Yellow,1,0,0,-512.86,252.03,264.63
TXN-00014011,CUST-002696,2023-03-24,27642.32,Deposit,Mobile Banking,Hotels & Accommodation,Hilton,Premium,1,Account Takeover,91,31.21,92.95,70.66,VERY HIGH,6,Yellow,0,0,0,-27697.9,27642.32,0.0
TXN-00049940,CUST-004260,2024-03-08,3603.46,Withdrawal,Branch,Financial Services / Money Transfer,Remitly,Retail,1,Identity Theft,93,30.5,91.46,70.66,VERY HIGH,6,Yellow,0,0,0,-3.81,0.0,0.0
TXN-00034339,CUST-003421,2024-07-12,73798.92,Transfer,Mobile Banking,Fuel & Petroleum,ExxonMobil,SME,1,First Party Fraud,88,33.33,93.94,70.65,VERY HIGH,6,Yellow,0,0,0,147.43,0.0,0.0
TXN-00039744,CUST-002763,2023-07-23,20152.63,Deposit,Internet Banking,Gaming & Gambling,Bet365,Premium,1,Mule Account,97,26.95,90.83,70.63,VERY HIGH,5,Yellow,0,0,0,-40.68,0.0,0.0
TXN-00021201,CUST-006304,2023-04-09,93186.0,Purchase,USSD,Retail / General Merchandise,Target,SME,1,Card Not Present Fraud,88,31.91,95.55,70.63,VERY HIGH,6,Yellow,0,0,0,1583.76,0.0,0.0
TXN-00034122,CUST-004764,2024-04-24,10990.81,Withdrawal,Branch,Luxury Goods,Tiffany & Co,Retail,1,Synthetic Identity,85,36.88,93.25,70.63,VERY HIGH,7,Yellow,0,0,0,-11002.27,10990.81,0.0
TXN-00049173,CUST-003649,2023-12-17,26163.2,Fee Charge,Mobile Banking,Electronics & Technology,Flipkart,Premium,1,First Party Fraud,88,33.33,93.84,70.62,VERY HIGH,6,Yellow,0,0,0,-26215.96,26163.2,0.0
TXN-00035072,CUST-003427,2024-09-10,25505.16,Purchase,Call Centre,Financial Services / Money Transfer,Remitly,Premium,1,Friendly Fraud,89,33.33,92.67,70.62,VERY HIGH,6,Yellow,0,0,0,433.19,0.0,0.0
TXN-00002486,CUST-000436,2024-09-24,58444.51,Reversal,POS Terminal,Retail / General Merchandise,Walmart,SME,1,Synthetic Identity,95,26.95,93.09,70.61,VERY HIGH,5,Yellow,0,0,1,-117.37,0.0,0.0
